entry_mode,tp1_pct,tp1_ratio,trail_pct,hard_stop_pct,use_stage3_peak,train_sharpe,train_win_rate,train_mdd,train_cagr,train_n,val_sharpe,val_win_rate,val_mdd,val_cagr,val_n,overfit_gap
cross,0.1,0.3,0.08,0.06,True,2.7812080798810026,0.4262295081967213,-0.690370459848854,0.16472274214640836,122,4.041242416804162,0.4954128440366973,-0.5574110444479933,0.27603195151122595,109,-1.2600343369231597
cross,0.1,0.3,0.08,0.06,False,2.7812080798810026,0.4262295081967213,-0.690370459848854,0.16472274214640836,122,4.041242416804162,0.4954128440366973,-0.5574110444479933,0.27603195151122595,109,-1.2600343369231597
cross,0.1,0.3,0.08,0.08,True,2.705256398958425,0.4918032786885246,-0.6847853271959252,0.15744955695034868,122,3.9462349400514447,0.5471698113207547,-0.5527793073877265,0.2749979846181916,106,-1.2409785410930199
cross,0.1,0.3,0.08,0.08,False,2.705256398958425,0.4918032786885246,-0.6847853271959252,0.15744955695034868,122,3.9462349400514447,0.5471698113207547,-0.5527793073877265,0.2749979846181916,106,-1.2409785410930199
cross,0.1,0.3,0.08,0.1,True,4.361603972545881,0.5983606557377049,-0.699231594404624,0.34997623232353514,122,4.2510311582379385,0.5943396226415094,-0.5535303874223154,0.31921296060842397,106,0.1105728143079423
cross,0.1,0.3,0.08,0.1,False,4.361603972545881,0.5983606557377049,-0.699231594404624,0.34997623232353514,122,4.2510311582379385,0.5943396226415094,-0.5535303874223154,0.31921296060842397,106,0.1105728143079423
cross,0.1,0.3,0.1,0.06,True,3.033405074367499,0.4262295081967213,-0.6803051157519502,0.21578093898034756,122,4.239132429160441,0.48623853211009177,-0.5776268253216433,0.32006940322620947,109,-1.2057273547929421
cross,0.1,0.3,0.1,0.06,False,3.033405074367499,0.4262295081967213,-0.6803051157519502,0.21578093898034756,122,4.239132429160441,0.48623853211009177,-0.5776268253216433,0.32006940322620947,109,-1.2057273547929421
cross,0.1,0.3,0.1,0.08,True,2.9360868032573664,0.4918032786885246,-0.7134265087285692,0.203575656803185,122,4.3420696722276295,0.5377358490566038,-0.5732066484015477,0.3470804464359296,106,-1.4059828689702631
cross,0.1,0.3,0.1,0.08,False,2.9360868032573664,0.4918032786885246,-0.7134265087285692,0.203575656803185,122,4.3420696722276295,0.5377358490566038,-0.5732066484015477,0.3470804464359296,106,-1.4059828689702631
cross,0.1,0.3,0.1,0.1,True,4.406971541072029,0.5983606557377049,-0.7038325814102138,0.44362364369006,122,4.628218483828861,0.5849056603773585,-0.5959492794432547,0.39446716093785406,106,-0.22124694275683154
cross,0.1,0.3,0.1,0.1,False,4.406971541072029,0.5983606557377049,-0.7038325814102138,0.44362364369006,122,4.628218483828861,0.5849056603773585,-0.5959492794432547,0.39446716093785406,106,-0.22124694275683154
cross,0.1,0.3,0.12,0.06,True,2.5896058745679738,0.4262295081967213,-0.6931171759184727,0.16336290652098207,122,3.6503404592808635,0.45871559633027525,-0.5844851804645361,0.25384328879249507,109,-1.0607345847128897
cross,0.1,0.3,0.12,0.06,False,2.5896058745679738,0.4262295081967213,-0.6931171759184727,0.16336290652098207,122,3.6503404592808635,0.45871559633027525,-0.5844851804645361,0.25384328879249507,109,-1.0607345847128897
cross,0.1,0.3,0.12,0.08,True,2.4805140595563366,0.4918032786885246,-0.7035076742679087,0.14931030417446411,122,3.6792893756150105,0.5094339622641509,-0.5801367769072622,0.2662345411197955,106,-1.1987753160586738
cross,0.1,0.3,0.12,0.08,False,2.4805140595563366,0.4918032786885246,-0.7035076742679087,0.14931030417446411,122,3.6792893756150105,0.5094339622641509,-0.5801367769072622,0.2662345411197955,106,-1.1987753160586738
cross,0.1,0.3,0.12,0.1,True,4.116075784299328,0.5983606557377049,-0.7084335886742056,0.39814028480077046,122,3.874487062895741,0.5471698113207547,-0.602510120669571,0.29567116955100414,106,0.24158872140358723
cross,0.1,0.3,0.12,0.1,False,4.116075784299328,0.5983606557377049,-0.7084335886742056,0.39814028480077046,122,3.874487062895741,0.5471698113207547,-0.602510120669571,0.29567116955100414,106,0.24158872140358723
cross,0.1,0.3,0.15,0.06,True,2.283786513995186,0.4016393442622951,-0.6996763998151582,0.12329808370177542,122,3.1921217540288938,0.4036697247706422,-0.6299778326118546,0.20902151075779818,109,-0.9083352400337077
cross,0.1,0.3,0.15,0.06,False,2.283786513995186,0.4016393442622951,-0.6996763998151582,0.12329808370177542,122,3.1921217540288938,0.4036697247706422,-0.6299778326118546,0.20902151075779818,109,-0.9083352400337077
cross,0.1,0.3,0.15,0.08,True,2.751654828316543,0.45901639344262296,-0.712307948539028,0.18132480939216933,122,3.2138705192169623,0.4528301886792453,-0.7138398392607224,0.2165540814227347,106,-0.46221569090041914
cross,0.1,0.3,0.15,0.08,False,2.751654828316543,0.45901639344262296,-0.712307948539028,0.18132480939216933,122,3.2138705192169623,0.4528301886792453,-0.7138398392607224,0.2165540814227347,106,-0.46221569090041914
cross,0.1,0.3,0.15,0.1,True,4.646574631016587,0.5655737704918032,-0.6027456666951849,0.4800194496049188,122,3.407138901036322,0.49056603773584906,-0.7272982934874744,0.24174066253718274,106,1.2394357299802645
cross,0.1,0.3,0.15,0.1,False,4.646574631016587,0.5655737704918032,-0.6027456666951849,0.4800194496049188,122,3.407138901036322,0.49056603773584906,-0.7272982934874744,0.24174066253718274,106,1.2394357299802645
cross,0.1,0.5,0.08,0.06,True,2.6334971951836756,0.4262295081967213,-0.6743899384771713,0.1392467667893842,122,4.158689019925074,0.4954128440366973,-0.5439018504323142,0.27046227619101737,109,-1.5251918247413982
cross,0.1,0.5,0.08,0.06,False,2.6334971951836756,0.4262295081967213,-0.6743899384771713,0.1392467667893842,122,4.158689019925074,0.4954128440366973,-0.5439018504323142,0.27046227619101737,109,-1.5251918247413982
cross,0.1,0.5,0.08,0.08,True,2.6107678444514737,0.4918032786885246,-0.6847853271959252,0.13810437989206714,122,4.063681529133999,0.5471698113207547,-0.5391287383246317,0.2717017546464562,106,-1.452913684682525
cross,0.1,0.5,0.08,0.08,False,2.6107678444514737,0.4918032786885246,-0.6847853271959252,0.13810437989206714,122,4.063681529133999,0.5471698113207547,-0.5391287383246317,0.2717017546464562,106,-1.452913684682525
cross,0.1,0.5,0.08,0.1,True,4.330518553446983,0.5983606557377049,-0.6943192444400739,0.3155982928723704,122,4.383102432325611,0.5943396226415094,-0.5331652419219977,0.3165449018252948,106,-0.05258387887862792
cross,0.1,0.5,0.08,0.1,False,4.330518553446983,0.5983606557377049,-0.6943192444400739,0.3155982928723704,122,4.383102432325611,0.5943396226415094,-0.5331652419219977,0.3165449018252948,106,-0.05258387887862792
cross,0.1,0.5,0.1,0.06,True,2.874993780724581,0.4262295081967213,-0.668149918457617,0.17693243210312515,122,4.350072780382083,0.4954128440366973,-0.5588943309805922,0.3038867270238592,109,-1.4750789996575024
cross,0.1,0.5,0.1,0.06,False,2.874993780724581,0.4262295081967213,-0.668149918457617,0.17693243210312515,122,4.350072780382083,0.4954128440366973,-0.5588943309805922,0.3038867270238592,109,-1.4750789996575024
cross,0.1,0.5,0.1,0.08,True,2.8286698833006696,0.4918032786885246,-0.6966957837748259,0.17263736624535597,122,4.413484113069661,0.5471698113207547,-0.5542781166601448,0.3256266960365586,106,-1.5848142297689911
cross,0.1,0.5,0.1,0.08,False,2.8286698833006696,0.4918032786885246,-0.6966957837748259,0.17263736624535597,122,4.413484113069661,0.5471698113207547,-0.5542781166601448,0.3256266960365586,106,-1.5848142297689911
cross,0.1,0.5,0.1,0.1,True,4.447398632473136,0.5983606557377049,-0.6976056637297807,0.3864857714397971,122,4.716758884986807,0.5943396226415094,-0.5649411595095003,0.3728984835781526,106,-0.26936025251367113
cross,0.1,0.5,0.1,0.1,False,4.447398632473136,0.5983606557377049,-0.6976056637297807,0.3864857714397971,122,4.716758884986807,0.5943396226415094,-0.5649411595095003,0.3728984835781526,106,-0.26936025251367113
cross,0.1,0.5,0.12,0.06,True,2.514294703840466,0.4262295081967213,-0.6775792168648769,0.14036755125211475,122,3.9068875182585865,0.48623853211009177,-0.5639031708100944,0.25775721848681266,109,-1.3925928144181206
cross,0.1,0.5,0.12,0.06,False,2.514294703840466,0.4262295081967213,-0.6775792168648769,0.14036755125211475,122,3.9068875182585865,0.48623853211009177,-0.5639031708100944,0.25775721848681266,109,-1.3925928144181206
cross,0.1,0.5,0.12,0.08,True,2.4613689434490453,0.4918032786885246,-0.6892516711550379,0.1345183364498177,122,3.9110481623330964,0.5377358490566038,-0.5593393744923473,0.26922981230037535,106,-1.449679218884051
cross,0.1,0.5,0.12,0.08,False,2.4613689434490453,0.4918032786885246,-0.6892516711550379,0.1345183364498177,122,3.9110481623330964,0.5377358490566038,-0.5593393744923473,0.26922981230037535,106,-1.449679218884051
cross,0.1,0.5,0.12,0.1,True,4.21293567339824,0.5983606557377049,-0.7008920974897749,0.35572752900791826,122,4.147755506661611,0.5754716981132075,-0.5698813364364262,0.3038824538114884,106,0.06518016673662874
cross,0.1,0.5,0.12,0.1,False,4.21293567339824,0.5983606557377049,-0.7008920974897749,0.35572752900791826,122,4.147755506661611,0.5754716981132075,-0.5698813364364262,0.3038824538114884,106,0.06518016673662874
cross,0.1,0.5,0.15,0.06,True,2.2593198491471362,0.4262295081967213,-0.6824922179572355,0.11202657188123322,122,3.570644052377372,0.45871559633027525,-0.5246049307986339,0.2276136671846669,109,-1.3113242032302357
cross,0.1,0.5,0.15,0.06,False,2.2593198491471362,0.4262295081967213,-0.6824922179572355,0.11202657188123322,122,3.570644052377372,0.45871559633027525,-0.5246049307986339,0.2276136671846669,109,-1.3113242032302357
cross,0.1,0.5,0.15,0.08,True,2.703425364906389,0.4918032786885246,-0.6939868090832407,0.15967053967563127,122,3.568032836969205,0.5094339622641509,-0.6323487039234029,0.2357216193351852,106,-0.8646074720628163
cross,0.1,0.5,0.15,0.08,False,2.703425364906389,0.4918032786885246,-0.6939868090832407,0.15967053967563127,122,3.568032836969205,0.5094339622641509,-0.6323487039234029,0.2357216193351852,106,-0.8646074720628163
cross,0.1,0.5,0.15,0.1,True,4.658006059585767,0.5983606557377049,-0.6254007246476173,0.4145715772721448,122,3.8044624824715094,0.5471698113207547,-0.6357867670875385,0.2671614874361121,106,0.8535435771142574
cross,0.1,0.5,0.15,0.1,False,4.658006059585767,0.5983606557377049,-0.6254007246476173,0.4145715772721448,122,3.8044624824715094,0.5471698113207547,-0.6357867670875385,0.2671614874361121,106,0.8535435771142574
cross,0.1,0.7,0.08,0.06,True,2.4022866913226615,0.4262295081967213,-0.6994991198846707,0.11174945571632966,122,4.214237997289181,0.4954128440366973,-0.5303915506399499,0.26235448680370466,109,-1.8119513059665193
cross,0.1,0.7,0.08,0.06,False,2.4022866913226615,0.4262295081967213,-0.6994991198846707,0.11174945571632966,122,4.214237997289181,0.4954128440366973,-0.5303915506399499,0.26235448680370466,109,-1.8119513059665193
cross,0.1,0.7,0.08,0.08,True,2.4471749860805945,0.4918032786885246,-0.684785327195925,0.11640537357076708,122,4.121828515638962,0.5471698113207547,-0.5331040600438479,0.265630614731581,106,-1.674653529558367
cross,0.1,0.7,0.08,0.08,False,2.4471749860805945,0.4918032786885246,-0.684785327195925,0.11640537357076708,122,4.121828515638962,0.5471698113207547,-0.5331040600438479,0.265630614731581,106,-1.674653529558367
cross,0.1,0.7,0.08,0.1,True,4.203088743460947,0.5983606557377049,-0.6894068944755234,0.2781227795533643,122,4.454845269310691,0.5943396226415094,-0.516655272839899,0.31077308277577087,106,-0.2517565258497436
cross,0.1,0.7,0.08,0.1,False,4.203088743460947,0.5983606557377049,-0.6894068944755234,0.2781227795533643,122,4.454845269310691,0.5943396226415094,-0.516655272839899,0.31077308277577087,106,-0.2517565258497436
cross,0.1,0.7,0.1,0.06,True,2.6053549459287195,0.4262295081967213,-0.6558540995169803,0.1351246355525204,122,4.374058558368895,0.4954128440366973,-0.5397247940527019,0.2836389471477403,109,-1.7687036124401754
cross,0.1,0.7,0.1,0.06,False,2.6053549459287195,0.4262295081967213,-0.6558540995169803,0.1351246355525204,122,4.374058558368895,0.4954128440366973,-0.5397247940527019,0.2836389471477403,109,-1.7687036124401754
cross,0.1,0.7,0.1,0.08,True,2.627386261968624,0.4918032786885246,-0.6847853271959251,0.13811925809452208,122,4.387499168767259,0.5471698113207547,-0.5349079686381384,0.29947801862365453,106,-1.7601129067986347
cross,0.1,0.7,0.1,0.08,False,2.627386261968624,0.4918032786885246,-0.6847853271959251,0.13811925809452208,122,4.387499168767259,0.5471698113207547,-0.5349079686381384,0.29947801862365453,106,-1.7601129067986347
cross,0.1,0.7,0.1,0.1,True,4.377122146157285,0.5983606557377049,-0.6913787460493477,0.32332785549629395,122,4.708004334677958,0.5943396226415094,-0.5323773805624038,0.3461679353939269,106,-0.33088218852067275
cross,0.1,0.7,0.1,0.1,False,4.377122146157285,0.5983606557377049,-0.6913787460493477,0.32332785549629395,122,4.708004334677958,0.5943396226415094,-0.5323773805624038,0.3461679353939269,106,-0.33088218852067275
cross,0.1,0.7,0.12,0.06,True,2.357657678864299,0.4262295081967213,-0.6616400718837868,0.11376095429204036,122,4.101595305726606,0.4954128440366973,-0.5427963125470628,0.2567052951258135,109,-1.7439376268623072
cross,0.1,0.7,0.12,0.06,False,2.357657678864299,0.4262295081967213,-0.6616400718837868,0.11376095429204036,122,4.101595305726606,0.4954128440366973,-0.5427963125470628,0.2567052951258135,109,-1.7439376268623072
cross,0.1,0.7,0.12,0.08,True,2.3784226586128208,0.4918032786885246,-0.6847853271959251,0.11569447021190205,122,4.075145113390677,0.5471698113207547,-0.5380116308764025,0.2665217910867774,106,-1.6967224547778565
cross,0.1,0.7,0.12,0.08,False,2.3784226586128208,0.4918032786885246,-0.6847853271959251,0.11569447021190205,122,4.075145113390677,0.5471698113207547,-0.5380116308764025,0.2665217910867774,106,-1.6967224547778565
cross,0.1,0.7,0.12,0.1,True,4.221347252146685,0.5983606557377049,-0.6933506063053442,0.3059902516401858,122,4.355869761631111,0.5943396226415094,-0.5354979299759401,0.30578939633697266,106,-0.13452250948442668
cross,0.1,0.7,0.12,0.1,False,4.221347252146685,0.5983606557377049,-0.6933506063053442,0.3059902516401858,122,4.355869761631111,0.5943396226415094,-0.5354979299759401,0.30578939633697266,106,-0.13452250948442668
cross,0.1,0.7,0.15,0.06,True,2.175151861934913,0.4262295081967213,-0.6869634348459293,0.09687077914811937,122,3.9106466490249545,0.4954128440366973,-0.4787318930211801,0.2398078705502551,109,-1.7354947870900417
cross,0.1,0.7,0.15,0.06,False,2.175151861934913,0.4262295081967213,-0.6869634348459293,0.09687077914811937,122,3.9106466490249545,0.4954128440366973,-0.4787318930211801,0.2398078705502551,109,-1.7354947870900417
cross,0.1,0.7,0.15,0.08,True,2.564542865271119,0.4918032786885246,-0.6847853271959251,0.13217434620733282,122,3.877717329487375,0.5471698113207547,-0.5345390088841416,0.24768721115192172,106,-1.3131744642162557
cross,0.1,0.7,0.15,0.08,False,2.564542865271119,0.4918032786885246,-0.6847853271959251,0.13217434620733282,122,3.877717329487375,0.5471698113207547,-0.5345390088841416,0.24768721115192172,106,-1.3131744642162557
cross,0.1,0.7,0.15,0.1,True,4.537066475291237,0.5983606557377049,-0.6480557826000495,0.3411482784527511,122,4.158101278153618,0.5943396226415094,-0.5415609451682081,0.28494515282518673,106,0.3789651971376191
cross,0.1,0.7,0.15,0.1,False,4.537066475291237,0.5983606557377049,-0.6480557826000495,0.3411482784527511,122,4.158101278153618,0.5943396226415094,-0.5415609451682081,0.28494515282518673,106,0.3789651971376191
cross,0.15,0.3,0.08,0.06,True,3.188300500899727,0.38524590163934425,-0.7839715295067948,0.21509830092061732,122,4.784029929680321,0.4444444444444444,-0.47873189302118013,0.4039088727038329,108,-1.5957294287805937
cross,0.15,0.3,0.08,0.06,False,3.188300500899727,0.38524590163934425,-0.7839715295067948,0.21509830092061732,122,4.784029929680321,0.4444444444444444,-0.47873189302118013,0.4039088727038329,108,-1.5957294287805937
cross,0.15,0.3,0.08,0.08,True,3.1482743868706096,0.4426229508196721,-0.74302470161289,0.21239336610004678,122,4.561322604518661,0.4857142857142857,-0.5331040600438481,0.38712253454817525,105,-1.413048217648051
cross,0.15,0.3,0.08,0.08,False,3.1482743868706096,0.4426229508196721,-0.74302470161289,0.21239336610004678,122,4.561322604518661,0.4857142857142857,-0.5331040600438481,0.38712253454817525,105,-1.413048217648051
cross,0.15,0.3,0.08,0.1,True,5.189380921793759,0.5491803278688525,-0.6728170921543218,0.5200004329938952,122,5.038758347806372,0.5428571428571428,-0.516655272839899,0.4643228368474923,105,0.15062257398738765
cross,0.15,0.3,0.08,0.1,False,5.189380921793759,0.5491803278688525,-0.6728170921543218,0.5200004329938952,122,5.038758347806372,0.5428571428571428,-0.516655272839899,0.4643228368474923,105,0.15062257398738765
cross,0.15,0.3,0.1,0.06,True,3.4642073028460363,0.38524590163934425,-0.6812623354852206,0.2786350990449742,122,4.682638048320537,0.4444444444444444,-0.4787318930211801,0.40615387936270686,108,-1.2184307454745005
cross,0.15,0.3,0.1,0.06,False,3.4642073028460363,0.38524590163934425,-0.6812623354852206,0.2786350990449742,122,4.682638048320537,0.4444444444444444,-0.4787318930211801,0.40615387936270686,108,-1.2184307454745005
cross,0.15,0.3,0.1,0.08,True,3.374155378192119,0.4426229508196721,-0.6847853271959251,0.2667541931210191,122,4.63282376178623,0.4857142857142857,-0.533104060043848,0.41719113334509683,105,-1.2586683835941108
cross,0.15,0.3,0.1,0.08,False,3.374155378192119,0.4426229508196721,-0.6847853271959251,0.2667541931210191,122,4.63282376178623,0.4857142857142857,-0.533104060043848,0.41719113334509683,105,-1.2586683835941108
cross,0.15,0.3,0.1,0.1,True,5.2145086731213,0.5491803278688525,-0.6793187832253648,0.6350932212678582,122,5.101562403980731,0.5428571428571428,-0.524783575519805,0.49741621803744707,105,0.11294626914056938
cross,0.15,0.3,0.1,0.1,False,5.2145086731213,0.5491803278688525,-0.6793187832253648,0.6350932212678582,122,5.101562403980731,0.5428571428571428,-0.524783575519805,0.49741621803744707,105,0.11294626914056938
cross,0.15,0.3,0.12,0.06,True,2.7607692675973237,0.38524590163934425,-0.739524874941549,0.1847393458364559,122,4.283913992096046,0.4444444444444444,-0.4796358137656515,0.3486858564597948,108,-1.5231447244987226
cross,0.15,0.3,0.12,0.06,False,2.7607692675973237,0.38524590163934425,-0.739524874941549,0.1847393458364559,122,4.283913992096046,0.4444444444444444,-0.4796358137656515,0.3486858564597948,108,-1.5231447244987226
cross,0.15,0.3,0.12,0.08,True,2.6211037310571657,0.4426229508196721,-0.6892854285656189,0.1659092246281162,122,4.168476591896324,0.4857142857142857,-0.5860814440309271,0.34705885180537854,105,-1.5473728608391584
cross,0.15,0.3,0.12,0.08,False,2.6211037310571657,0.4426229508196721,-0.6892854285656189,0.1659092246281162,122,4.168476591896324,0.4857142857142857,-0.5860814440309271,0.34705885180537854,105,-1.5473728608391584
cross,0.15,0.3,0.12,0.1,True,4.511646095869165,0.5491803278688525,-0.6830697479349039,0.4839263351447265,122,4.493603062311565,0.5333333333333333,-0.5754911888501792,0.39912603279043,105,0.01804303355759984
cross,0.15,0.3,0.12,0.1,False,4.511646095869165,0.5491803278688525,-0.6830697479349039,0.4839263351447265,122,4.493603062311565,0.5333333333333333,-0.5754911888501792,0.39912603279043,105,0.01804303355759984
cross,0.15,0.3,0.15,0.06,True,2.4870940501282734,0.38524590163934425,-0.7310864030587026,0.1452243162204898,122,3.884422353635917,0.42592592592592593,-0.6192558471127668,0.2996535755037806,108,-1.3973283035076434
cross,0.15,0.3,0.15,0.06,False,2.4870940501282734,0.38524590163934425,-0.7310864030587026,0.1452243162204898,122,3.884422353635917,0.42592592592592593,-0.6192558471127668,0.2996535755037806,108,-1.3973283035076434
cross,0.15,0.3,0.15,0.08,True,2.858442460816361,0.4426229508196721,-0.695866269431167,0.1958100618505374,122,3.784126998228213,0.4666666666666667,-0.6862864631219957,0.2967129645845674,105,-0.9256845374118519
cross,0.15,0.3,0.15,0.08,False,2.858442460816361,0.4426229508196721,-0.695866269431167,0.1958100618505374,122,3.784126998228213,0.4666666666666667,-0.6862864631219957,0.2967129645845674,105,-0.9256845374118519
cross,0.15,0.3,0.15,0.1,True,4.830235574895107,0.5491803278688525,-0.5945468916528129,0.5308945963689495,122,4.100866815669439,0.5142857142857142,-0.7096010078794571,0.3434535876143763,105,0.7293687592256681
cross,0.15,0.3,0.15,0.1,False,4.830235574895107,0.5491803278688525,-0.5945468916528129,0.5308945963689495,122,4.100866815669439,0.5142857142857142,-0.7096010078794571,0.3434535876143763,105,0.7293687592256681
cross,0.15,0.5,0.08,0.06,True,3.227076147745192,0.38524590163934425,-0.7776559482016884,0.20694746140998754,122,4.734130671718355,0.4444444444444444,-0.47873189302118,0.37460945592112327,108,-1.5070545239731632
cross,0.15,0.5,0.08,0.06,False,3.227076147745192,0.38524590163934425,-0.7776559482016884,0.20694746140998754,122,4.734130671718355,0.4444444444444444,-0.47873189302118,0.37460945592112327,108,-1.5070545239731632
cross,0.15,0.5,0.08,0.08,True,3.240622018745433,0.4426229508196721,-0.7285860358743083,0.211824643305891,122,4.518774745459295,0.4857142857142857,-0.533104060043848,0.3619803533104644,105,-1.278152726713862
cross,0.15,0.5,0.08,0.08,False,3.240622018745433,0.4426229508196721,-0.7285860358743083,0.211824643305891,122,4.518774745459295,0.4857142857142857,-0.533104060043848,0.3619803533104644,105,-1.278152726713862
cross,0.15,0.5,0.08,0.1,True,5.338083720388216,0.5491803278688525,-0.6676433856495034,0.5060181544871931,122,5.037996544628289,0.5428571428571428,-0.516655272839899,0.440277087654646,105,0.30008717575992705
cross,0.15,0.5,0.08,0.1,False,5.338083720388216,0.5491803278688525,-0.6676433856495034,0.5060181544871931,122,5.037996544628289,0.5428571428571428,-0.516655272839899,0.440277087654646,105,0.30008717575992705
cross,0.15,0.5,0.1,0.06,True,3.4754459818417187,0.38524590163934425,-0.689618236489159,0.25447724372785885,122,4.686666860965501,0.4444444444444444,-0.47873189302118,0.37768560895799763,108,-1.2112208791237826
cross,0.15,0.5,0.1,0.06,False,3.4754459818417187,0.38524590163934425,-0.689618236489159,0.25447724372785885,122,4.686666860965501,0.4444444444444444,-0.47873189302118,0.37768560895799763,108,-1.2112208791237826
cross,0.15,0.5,0.1,0.08,True,3.445001628786163,0.4426229508196721,-0.6847853271959251,0.25324432345970926,122,4.601879744621331,0.4857142857142857,-0.533104060043848,0.38484119721843646,105,-1.156878115835168
cross,0.15,0.5,0.1,0.08,False,3.445001628786163,0.4426229508196721,-0.6847853271959251,0.25324432345970926,122,4.601879744621331,0.4857142857142857,-0.533104060043848,0.38484119721843646,105,-1.156878115835168
cross,0.15,0.5,0.1,0.1,True,5.408223485268303,0.5491803278688525,-0.6722874507002486,0.592947635426236,122,5.114177960002363,0.5428571428571428,-0.5166552728398989,0.46545360492375476,105,0.29404552526594063
cross,0.15,0.5,0.1,0.1,False,5.408223485268303,0.5491803278688525,-0.6722874507002486,0.592947635426236,122,5.114177960002363,0.5428571428571428,-0.5166552728398989,0.46545360492375476,105,0.29404552526594063
cross,0.15,0.5,0.12,0.06,True,2.9325948615339192,0.38524590163934425,-0.7304972438906894,0.18810649082498365,122,4.399164062113789,0.4444444444444444,-0.4787318930211801,0.3380547563202978,108,-1.4665692005798694
cross,0.15,0.5,0.12,0.06,False,2.9325948615339192,0.38524590163934425,-0.7304972438906894,0.18810649082498365,122,4.399164062113789,0.4444444444444444,-0.4787318930211801,0.3380547563202978,108,-1.4665692005798694
cross,0.15,0.5,0.12,0.08,True,2.8691368068398777,0.4426229508196721,-0.6847853271959252,0.181350498337836,122,4.262962865897414,0.4857142857142857,-0.5551658157541585,0.33640007744262435,105,-1.3938260590575364
cross,0.15,0.5,0.12,0.08,False,2.8691368068398777,0.4426229508196721,-0.6847853271959252,0.181350498337836,122,4.262962865897414,0.4857142857142857,-0.5551658157541585,0.33640007744262435,105,-1.3938260590575364
cross,0.15,0.5,0.12,0.1,True,4.865166508078585,0.5491803278688525,-0.6749667112070621,0.48614511252479353,122,4.672346535818705,0.5428571428571428,-0.5402954725798833,0.39738298162429975,105,0.1928199722598798
cross,0.15,0.5,0.12,0.1,False,4.865166508078585,0.5491803278688525,-0.6749667112070621,0.48614511252479353,122,4.672346535818705,0.5428571428571428,-0.5402954725798833,0.39738298162429975,105,0.1928199722598798
cross,0.15,0.5,0.15,0.06,True,2.721415325036679,0.38524590163934425,-0.7259402054207179,0.15937002263266908,122,4.114366546851735,0.4351851851851852,-0.5365632165253658,0.3046082465159359,108,-1.3929512218150562
cross,0.15,0.5,0.15,0.06,False,2.721415325036679,0.38524590163934425,-0.7259402054207179,0.15937002263266908,122,4.114366546851735,0.4351851851851852,-0.5365632165253658,0.3046082465159359,108,-1.3929512218150562
cross,0.15,0.5,0.15,0.08,True,3.0655787647900294,0.4426229508196721,-0.6847853271959251,0.20494452122845375,122,3.987485793492909,0.47619047619047616,-0.6152841330323585,0.3020528658259216,105,-0.9219070287028797
cross,0.15,0.5,0.15,0.08,False,3.0655787647900294,0.4426229508196721,-0.6847853271959251,0.20494452122845375,122,3.987485793492909,0.47619047619047616,-0.6152841330323585,0.3020528658259216,105,-0.9219070287028797
cross,0.15,0.5,0.15,0.1,True,5.123298892015524,0.5491803278688525,-0.6117360995769973,0.5211948777890312,122,4.390968489591727,0.5333333333333333,-0.6465301599195411,0.358980499967944,105,0.7323304024237967
cross,0.15,0.5,0.15,0.1,False,5.123298892015524,0.5491803278688525,-0.6117360995769973,0.5211948777890312,122,4.390968489591727,0.5333333333333333,-0.6465301599195411,0.358980499967944,105,0.7323304024237967
cross,0.15,0.7,0.08,0.06,True,3.2179509739966994,0.38524590163934425,-0.7714188059150826,0.19661134850050943,122,4.611564279893427,0.4444444444444444,-0.47873189302118,0.34313351332251685,108,-1.3936133058967277
cross,0.15,0.7,0.08,0.06,False,3.2179509739966994,0.38524590163934425,-0.7714188059150826,0.19661134850050943,122,4.611564279893427,0.4444444444444444,-0.47873189302118,0.34313351332251685,108,-1.3936133058967277
cross,0.15,0.7,0.08,0.08,True,3.291284443243056,0.4426229508196721,-0.7137457536634113,0.2088385716885841,122,4.409672370752986,0.4857142857142857,-0.533104060043848,0.3343472358451902,105,-1.11838792750993
cross,0.15,0.7,0.08,0.08,False,3.291284443243056,0.4426229508196721,-0.7137457536634113,0.2088385716885841,122,4.409672370752986,0.4857142857142857,-0.533104060043848,0.3343472358451902,105,-1.11838792750993
cross,0.15,0.7,0.08,0.1,True,5.421650119620589,0.5491803278688525,-0.6624696791446852,0.4881071300608617,122,4.967954341361277,0.5428571428571428,-0.516655272839899,0.4132199856056673,105,0.45369577825931184
cross,0.15,0.7,0.08,0.1,False,5.421650119620589,0.5491803278688525,-0.6624696791446852,0.4881071300608617,122,4.967954341361277,0.5428571428571428,-0.516655272839899,0.4132199856056673,105,0.45369577825931184
cross,0.15,0.7,0.1,0.06,True,3.4137094013884726,0.38524590163934425,-0.7155059163774021,0.2264960871594801,122,4.605153314806388,0.4444444444444444,-0.4787318930211801,0.34589073193351516,108,-1.1914439134179151
cross,0.15,0.7,0.1,0.06,False,3.4137094013884726,0.38524590163934425,-0.7155059163774021,0.2264960871594801,122,4.605153314806388,0.4444444444444444,-0.4787318930211801,0.34589073193351516,108,-1.1914439134179151
cross,0.15,0.7,0.1,0.08,True,3.4537190735650785,0.4426229508196721,-0.6847853271959251,0.23534848724854274,122,4.485585659392853,0.4857142857142857,-0.5331040600438479,0.34889789326696063,105,-1.0318665858277742
cross,0.15,0.7,0.1,0.08,False,3.4537190735650785,0.4426229508196721,-0.6847853271959251,0.23534848724854274,122,4.485585659392853,0.4857142857142857,-0.5331040600438479,0.34889789326696063,105,-1.0318665858277742
cross,0.15,0.7,0.1,0.1,True,5.529826035146768,0.5491803278688525,-0.6652561181751322,0.5432712501571795,122,5.039528478572586,0.5428571428571428,-0.516655272839899,0.4292478815494043,105,0.4902975565741823
cross,0.15,0.7,0.1,0.1,False,5.529826035146768,0.5491803278688525,-0.6652561181751322,0.5432712501571795,122,5.039528478572586,0.5428571428571428,-0.516655272839899,0.4292478815494043,105,0.4902975565741823
cross,0.15,0.7,0.12,0.06,True,3.0648799778663953,0.38524590163934425,-0.7337689323703185,0.18717067079939542,122,4.434221010969443,0.4444444444444444,-0.47873189302118013,0.3229584126275624,108,-1.3693410331030478
cross,0.15,0.7,0.12,0.06,False,3.0648799778663953,0.38524590163934425,-0.7337689323703185,0.18717067079939542,122,4.434221010969443,0.4444444444444444,-0.47873189302118013,0.3229584126275624,108,-1.3693410331030478
cross,0.15,0.7,0.12,0.08,True,3.088375744047549,0.4426229508196721,-0.6847853271959251,0.19239709872067023,122,4.28085154220254,0.4857142857142857,-0.5331040600438479,0.3208392806452669,105,-1.192475798154991
cross,0.15,0.7,0.12,0.08,False,3.088375744047549,0.4426229508196721,-0.6847853271959251,0.19239709872067023,122,4.28085154220254,0.4857142857142857,-0.5331040600438479,0.3208392806452669,105,-1.192475798154991
cross,0.15,0.7,0.12,0.1,True,5.18050692997037,0.5491803278688525,-0.6668636744792203,0.48012724447328337,122,4.774753003985163,0.5428571428571428,-0.516655272839899,0.3897286918432443,105,0.40575392598520743
cross,0.15,0.7,0.12,0.1,False,5.18050692997037,0.5491803278688525,-0.6668636744792203,0.48012724447328337,122,4.774753003985163,0.5428571428571428,-0.516655272839899,0.3897286918432443,105,0.40575392598520743
cross,0.15,0.7,0.15,0.06,True,2.9250460119265913,0.38524590163934425,-0.7299705069432013,0.1695700338689563,122,4.271103225377651,0.4444444444444444,-0.4787318930211801,0.3038516051480744,108,-1.3460572134510596
cross,0.15,0.7,0.15,0.06,False,2.9250460119265913,0.38524590163934425,-0.7299705069432013,0.1695700338689563,122,4.271103225377651,0.4444444444444444,-0.4787318930211801,0.3038516051480744,108,-1.3460572134510596
cross,0.15,0.7,0.15,0.08,True,3.227988471796428,0.4426229508196721,-0.6847853271959251,0.20793345148640374,122,4.121340989845274,0.4857142857142857,-0.5363103814599157,0.3012221117025793,105,-0.8933525180488462
cross,0.15,0.7,0.15,0.08,False,3.227988471796428,0.4426229508196721,-0.6847853271959251,0.20793345148640374,122,4.121340989845274,0.4857142857142857,-0.5363103814599157,0.3012221117025793,105,-0.8933525180488462
cross,0.15,0.7,0.15,0.1,True,5.353659283203745,0.5491803278688525,-0.6289253075011815,0.501876618640426,122,4.612064429927053,0.5428571428571428,-0.5739705341393725,0.3675565424571827,105,0.7415948532766921
cross,0.15,0.7,0.15,0.1,False,5.353659283203745,0.5491803278688525,-0.6289253075011815,0.501876618640426,122,4.612064429927053,0.5428571428571428,-0.5739705341393725,0.3675565424571827,105,0.7415948532766921
cross,0.2,0.3,0.08,0.06,True,2.869944677901708,0.3360655737704918,-0.8285416569224676,0.18414832471512055,122,4.619356491564187,0.4,-0.5977466992796825,0.41957764402640163,105,-1.7494118136624794
cross,0.2,0.3,0.08,0.06,False,2.869944677901708,0.3360655737704918,-0.8285416569224676,0.18414832471512055,122,4.619356491564187,0.4,-0.5977466992796825,0.41957764402640163,105,-1.7494118136624794
cross,0.2,0.3,0.08,0.08,True,3.246714033472662,0.39344262295081966,-0.713662109691247,0.2342823819374804,122,4.407672087005095,0.43564356435643564,-0.6660747855037651,0.3988300280718535,101,-1.1609580535324335
cross,0.2,0.3,0.08,0.08,False,3.246714033472662,0.39344262295081966,-0.713662109691247,0.2342823819374804,122,4.407672087005095,0.43564356435643564,-0.6660747855037651,0.3988300280718535,101,-1.1609580535324335
cross,0.2,0.3,0.08,0.1,True,5.493547341177477,0.5,-0.6192046050293345,0.6219010789549237,122,4.771490989324348,0.48514851485148514,-0.6931956742591416,0.4663763010406259,101,0.7220563518531291
cross,0.2,0.3,0.08,0.1,False,5.493547341177477,0.5,-0.6192046050293345,0.6219010789549237,122,4.771490989324348,0.48514851485148514,-0.6931956742591416,0.4663763010406259,101,0.7220563518531291
cross,0.2,0.3,0.1,0.06,True,3.2767639388422776,0.3360655737704918,-0.7327469279337876,0.2575869740534007,122,4.68351388246214,0.4,-0.5977466992796825,0.45943768677159813,105,-1.4067499436198627
cross,0.2,0.3,0.1,0.06,False,3.2767639388422776,0.3360655737704918,-0.7327469279337876,0.2575869740534007,122,4.68351388246214,0.4,-0.5977466992796825,0.45943768677159813,105,-1.4067499436198627
cross,0.2,0.3,0.1,0.08,True,3.5773734894211904,0.39344262295081966,-0.7242242643123471,0.30654821863093207,122,4.65113886624296,0.43564356435643564,-0.6660747855037652,0.46953021240721027,101,-1.0737653768217692
cross,0.2,0.3,0.1,0.08,False,3.5773734894211904,0.39344262295081966,-0.7242242643123471,0.30654821863093207,122,4.65113886624296,0.43564356435643564,-0.6660747855037652,0.46953021240721027,101,-1.0737653768217692
cross,0.2,0.3,0.1,0.1,True,5.649256072104238,0.5,-0.6114813015403895,0.77034502800188,122,5.112738433693416,0.48514851485148514,-0.7005106199472814,0.5703507860883184,101,0.5365176384108228
cross,0.2,0.3,0.1,0.1,False,5.649256072104238,0.5,-0.6114813015403895,0.77034502800188,122,5.112738433693416,0.48514851485148514,-0.7005106199472814,0.5703507860883184,101,0.5365176384108228
cross,0.2,0.3,0.12,0.06,True,2.7791218848527866,0.3360655737704918,-0.719875119159538,0.1890349864851304,122,4.222303276540509,0.4,-0.6314425986104677,0.3805579454244683,105,-1.4431813916877223
cross,0.2,0.3,0.12,0.06,False,2.7791218848527866,0.3360655737704918,-0.719875119159538,0.1890349864851304,122,4.222303276540509,0.4,-0.6314425986104677,0.3805579454244683,105,-1.4431813916877223
cross,0.2,0.3,0.12,0.08,True,3.090828485505653,0.39344262295081966,-0.7200258354845335,0.23355726823262635,122,4.123142533163869,0.43564356435643564,-0.6940469870780644,0.3759253735242354,101,-1.032314047658216
cross,0.2,0.3,0.12,0.08,False,3.090828485505653,0.39344262295081966,-0.7200258354845335,0.23355726823262635,122,4.123142533163869,0.43564356435643564,-0.6940469870780644,0.3759253735242354,101,-1.032314047658216
cross,0.2,0.3,0.12,0.1,True,5.15692343020584,0.5,-0.6108705948540961,0.645652955762174,122,4.554546583132749,0.48514851485148514,-0.7255982052643555,0.459261011805971,101,0.6023768470730904
cross,0.2,0.3,0.12,0.1,False,5.15692343020584,0.5,-0.6108705948540961,0.645652955762174,122,4.554546583132749,0.48514851485148514,-0.7255982052643555,0.459261011805971,101,0.6023768470730904
cross,0.2,0.3,0.15,0.06,True,2.2879594667156544,0.3360655737704918,-0.7989296663052807,0.12329727459854078,122,4.13667752714237,0.4,-0.6778944752551885,0.3676389579749657,105,-1.848718060426716
cross,0.2,0.3,0.15,0.06,False,2.2879594667156544,0.3360655737704918,-0.7989296663052807,0.12329727459854078,122,4.13667752714237,0.4,-0.6778944752551885,0.3676389579749657,105,-1.848718060426716
cross,0.2,0.3,0.15,0.08,True,2.8012840620591795,0.39344262295081966,-0.7404701285594399,0.18903230755997869,122,4.038746444922708,0.43564356435643564,-0.7326083931487284,0.36254229840532814,101,-1.2374623828635287
cross,0.2,0.3,0.15,0.08,False,2.8012840620591795,0.39344262295081966,-0.7404701285594399,0.18903230755997869,122,4.038746444922708,0.43564356435643564,-0.7326083931487284,0.36254229840532814,101,-1.2374623828635287
cross,0.2,0.3,0.15,0.1,True,4.929659747605678,0.5,-0.6455906293088276,0.5645438508247871,122,4.4117926634382085,0.48514851485148514,-0.7601829898110598,0.43141344056725583,101,0.5178670841674693
cross,0.2,0.3,0.15,0.1,False,4.929659747605678,0.5,-0.6455906293088276,0.5645438508247871,122,4.4117926634382085,0.48514851485148514,-0.7601829898110598,0.43141344056725583,101,0.5178670841674693
cross,0.2,0.5,0.08,0.06,True,2.926961942942306,0.3360655737704918,-0.8246436004556205,0.18265514897712443,122,4.6722416786176035,0.4,-0.586755405348446,0.4111989599656318,105,-1.7452797356752976
cross,0.2,0.5,0.08,0.06,False,2.926961942942306,0.3360655737704918,-0.8246436004556205,0.18265514897712443,122,4.6722416786176035,0.4,-0.586755405348446,0.4111989599656318,105,-1.7452797356752976
cross,0.2,0.5,0.08,0.08,True,3.293347721197482,0.39344262295081966,-0.7075730448958172,0.2302151123355458,122,4.457555086074785,0.43564356435643564,-0.6569505093896674,0.39260765302922285,101,-1.1642073648773028
cross,0.2,0.5,0.08,0.08,False,3.293347721197482,0.39344262295081966,-0.7075730448958172,0.2302151123355458,122,4.457555086074785,0.43564356435643564,-0.6569505093896674,0.39260765302922285,101,-1.1642073648773028
cross,0.2,0.5,0.08,0.1,True,5.5367134111789085,0.5,-0.6302623443072908,0.5890130408562144,122,4.810309485923056,0.48514851485148514,-0.6848124577198267,0.4568314241417011,101,0.7264039252558527
cross,0.2,0.5,0.08,0.1,False,5.5367134111789085,0.5,-0.6302623443072908,0.5890130408562144,122,4.810309485923056,0.48514851485148514,-0.6848124577198267,0.4568314241417011,101,0.7264039252558527
cross,0.2,0.5,0.1,0.06,True,3.2674208159545914,0.3360655737704918,-0.7539131875061784,0.23706373574061979,122,4.7526638453165635,0.4,-0.586755405348446,0.44165069489894715,105,-1.485243029361972
cross,0.2,0.5,0.1,0.06,False,3.2674208159545914,0.3360655737704918,-0.7539131875061784,0.23706373574061979,122,4.7526638453165635,0.4,-0.586755405348446,0.44165069489894715,105,-1.485243029361972
cross,0.2,0.5,0.1,0.08,True,3.57836673242176,0.39344262295081966,-0.7083764666928765,0.2841105342327137,122,4.671619907953141,0.43564356435643564,-0.6569505093896675,0.44514068325152123,101,-1.0932531755313808
cross,0.2,0.5,0.1,0.08,False,3.57836673242176,0.39344262295081966,-0.7083764666928765,0.2841105342327137,122,4.671619907953141,0.43564356435643564,-0.6569505093896675,0.44514068325152123,101,-1.0932531755313808
cross,0.2,0.5,0.1,0.1,True,5.718235428583571,0.5,-0.6246283857692493,0.6981855356425124,122,5.1029098323256985,0.48514851485148514,-0.6864994318605043,0.5332417593313918,101,0.6153255962578728
cross,0.2,0.5,0.1,0.1,False,5.718235428583571,0.5,-0.6246283857692493,0.6981855356425124,122,5.1029098323256985,0.48514851485148514,-0.6864994318605043,0.5332417593313918,101,0.6153255962578728
cross,0.2,0.5,0.12,0.06,True,2.889354251401245,0.3360655737704918,-0.7448982250586522,0.18863723727634207,122,4.423407440030307,0.4,-0.6110704016520901,0.38657777671977467,105,-1.5340531886290623
cross,0.2,0.5,0.12,0.06,False,2.889354251401245,0.3360655737704918,-0.7448982250586522,0.18863723727634207,122,4.423407440030307,0.4,-0.6110704016520901,0.38657777671977467,105,-1.5340531886290623
cross,0.2,0.5,0.12,0.08,True,3.2123463864384805,0.39344262295081966,-0.7052712873092328,0.23286945874860443,122,4.290752877192495,0.43564356435643564,-0.6771352793881488,0.37990761809780116,101,-1.0784064907540145
cross,0.2,0.5,0.12,0.08,False,3.2123463864384805,0.39344262295081966,-0.7052712873092328,0.23286945874860443,122,4.290752877192495,0.43564356435643564,-0.6771352793881488,0.37990761809780116,101,-1.0784064907540145
cross,0.2,0.5,0.12,0.1,True,5.342335825117633,0.5,-0.6244832546729152,0.6117764572867241,122,4.6988398253448835,0.48514851485148514,-0.7049455658309431,0.45621396767886746,101,0.6434959997727496
cross,0.2,0.5,0.12,0.1,False,5.342335825117633,0.5,-0.6244832546729152,0.6117764572867241,122,4.6988398253448835,0.48514851485148514,-0.7049455658309431,0.45621396767886746,101,0.6434959997727496
cross,0.2,0.5,0.15,0.06,True,2.5164752742189,0.3360655737704918,-0.8003227862468721,0.14101665008766107,122,4.370963764826749,0.4,-0.6459215771799036,0.37811785812799403,105,-1.8544884906078494
cross,0.2,0.5,0.15,0.06,False,2.5164752742189,0.3360655737704918,-0.8003227862468721,0.14101665008766107,122,4.370963764826749,0.4,-0.6459215771799036,0.37811785812799403,105,-1.8544884906078494
cross,0.2,0.5,0.15,0.08,True,2.996438511604314,0.39344262295081966,-0.7204494904212612,0.2016199260584115,122,4.237892937753624,0.43564356435643564,-0.7060665180945345,0.3711560211175622,101,-1.2414544261493097
cross,0.2,0.5,0.15,0.08,False,2.996438511604314,0.39344262295081966,-0.7204494904212612,0.2016199260584115,122,4.237892937753624,0.43564356435643564,-0.7060665180945345,0.3711560211175622,101,-1.2414544261493097
cross,0.2,0.5,0.15,0.1,True,5.16307028390346,0.5,-0.6488667227998531,0.5541676338710275,122,4.60008973855507,0.48514851485148514,-0.7313847823862412,0.43694210944399225,101,0.56298054534839
cross,0.2,0.5,0.15,0.1,False,5.16307028390346,0.5,-0.6488667227998531,0.5541676338710275,122,4.60008973855507,0.48514851485148514,-0.7313847823862412,0.43694210944399225,101,0.56298054534839
cross,0.2,0.7,0.08,0.06,True,2.94816992496971,0.3360655737704918,-0.821144229992108,0.17925037179938053,122,4.678517767149695,0.4,-0.5758046046756019,0.4003488604309533,105,-1.730347842179985
cross,0.2,0.7,0.08,0.06,False,2.94816992496971,0.3360655737704918,-0.821144229992108,0.17925037179938053,122,4.678517767149695,0.4,-0.5758046046756019,0.4003488604309533,105,-1.730347842179985
cross,0.2,0.7,0.08,0.08,True,3.3009096746882594,0.39344262295081966,-0.7014839801003874,0.22387757104828543,122,4.464811981736234,0.43564356435643564,-0.6478598482141423,0.38379043268464486,101,-1.1639023070479744
cross,0.2,0.7,0.08,0.08,False,3.3009096746882594,0.39344262295081966,-0.7014839801003874,0.22387757104828543,122,4.464811981736234,0.43564356435643564,-0.6478598482141423,0.38379043268464486,101,-1.1639023070479744
cross,0.2,0.7,0.08,0.1,True,5.508093416691028,0.5,-0.6421178138281044,0.5522860146159183,122,4.804069603040851,0.48514851485148514,-0.6764601259658344,0.44440476261305384,101,0.7040238136501769
cross,0.2,0.7,0.08,0.1,False,5.508093416691028,0.5,-0.6421178138281044,0.5522860146159183,122,4.804069603040851,0.48514851485148514,-0.6764601259658344,0.44440476261305384,101,0.7040238136501769
cross,0.2,0.7,0.1,0.06,True,3.1925309008306066,0.3360655737704918,-0.7773927521859179,0.2131475642381797,122,4.7552388728024,0.4,-0.5758046046756018,0.4198778191977195,105,-1.5627079719717938
cross,0.2,0.7,0.1,0.06,False,3.1925309008306066,0.3360655737704918,-0.7773927521859179,0.2131475642381797,122,4.7552388728024,0.4,-0.5758046046756018,0.4198778191977195,105,-1.5627079719717938
cross,0.2,0.7,0.1,0.08,True,3.511489836842859,0.39344262295081966,-0.7014839801003873,0.2576663253417426,122,4.624190321253381,0.43564356435643564,-0.6478598482141424,0.4165712415269107,101,-1.1127004844105217
cross,0.2,0.7,0.1,0.08,False,3.511489836842859,0.39344262295081966,-0.7014839801003873,0.2576663253417426,122,4.624190321253381,0.43564356435643564,-0.6478598482141424,0.4165712415269107,101,-1.1127004844105217
cross,0.2,0.7,0.1,0.1,True,5.687391191702266,0.5,-0.6386670507920025,0.6197600956610891,122,5.016661770620056,0.48514851485148514,-0.6764601259658343,0.49154265333946223,101,0.6707294210822106
cross,0.2,0.7,0.1,0.1,False,5.687391191702266,0.5,-0.6386670507920025,0.6197600956610891,122,5.016661770620056,0.48514851485148514,-0.6764601259658343,0.49154265333946223,101,0.6707294210822106
cross,0.2,0.7,0.12,0.06,True,2.953210261850619,0.3360655737704918,-0.7721885963037723,0.18447161959676617,122,4.561199089901699,0.4,-0.5905352561654784,0.3876374799619724,105,-1.60798882805108
cross,0.2,0.7,0.12,0.06,False,2.953210261850619,0.3360655737704918,-0.7721885963037723,0.18447161959676617,122,4.561199089901699,0.4,-0.5905352561654784,0.3876374799619724,105,-1.60798882805108
cross,0.2,0.7,0.12,0.08,True,3.2832033251855175,0.39344262295081966,-0.6996157396153063,0.2275540996844656,122,4.39676426070646,0.43564356435643564,-0.6600883021500527,0.37847050150524963,101,-1.1135609355209426
cross,0.2,0.7,0.12,0.08,False,3.2832033251855175,0.39344262295081966,-0.6996157396153063,0.2275540996844656,122,4.39676426070646,0.43564356435643564,-0.6600883021500527,0.37847050150524963,101,-1.1135609355209426
cross,0.2,0.7,0.12,0.1,True,5.448181833704269,0.5,-0.6387546249133843,0.5696886852323673,122,4.774267902641554,0.48514851485148514,-0.6876954038118637,0.4467994970748477,101,0.6739139310627147
cross,0.2,0.7,0.12,0.1,False,5.448181833704269,0.5,-0.6387546249133843,0.5696886852323673,122,4.774267902641554,0.48514851485148514,-0.6876954038118637,0.4467994970748477,101,0.6739139310627147
cross,0.2,0.7,0.15,0.06,True,2.7143492705467356,0.3360655737704918,-0.8045806596249413,0.1554543984102057,122,4.53754609680438,0.4,-0.612458561552691,0.3830384591307028,105,-1.8231968262576448
cross,0.2,0.7,0.15,0.06,False,2.7143492705467356,0.3360655737704918,-0.8045806596249413,0.1554543984102057,122,4.53754609680438,0.4,-0.612458561552691,0.3830384591307028,105,-1.8231968262576448
cross,0.2,0.7,0.15,0.08,True,3.1494111333870425,0.39344262295081966,-0.7062583550044833,0.20914903897111747,122,4.371734978199329,0.43564356435643564,-0.6782876418218023,0.37372123846763095,101,-1.2223238448122862
cross,0.2,0.7,0.15,0.08,False,3.1494111333870425,0.39344262295081966,-0.7062583550044833,0.20914903897111747,122,4.371734978199329,0.43564356435643564,-0.6782876418218023,0.37372123846763095,101,-1.2223238448122862
cross,0.2,0.7,0.15,0.1,True,5.323663817116694,0.5,-0.6531347718993964,0.5352600610617657,122,4.71843181171103,0.48514851485148514,-0.7044166213016646,0.43563759839532956,101,0.6052320054056644
cross,0.2,0.7,0.15,0.1,False,5.323663817116694,0.5,-0.6531347718993964,0.5352600610617657,122,4.71843181171103,0.48514851485148514,-0.7044166213016646,0.43563759839532956,101,0.6052320054056644
cross,0.25,0.3,0.08,0.06,True,2.9459576133576637,0.29508196721311475,-0.8732047289481617,0.20229173878543838,122,4.676957369570314,0.37142857142857144,-0.6723287441616759,0.45798349436000874,105,-1.73099975621265
cross,0.25,0.3,0.08,0.06,False,2.9459576133576637,0.29508196721311475,-0.8732047289481617,0.20229173878543838,122,4.676957369570314,0.37142857142857144,-0.6723287441616759,0.45798349436000874,105,-1.73099975621265
cross,0.25,0.3,0.08,0.08,True,3.7193710379631613,0.36065573770491804,-0.7427131404940902,0.3197648415142764,122,4.887751349323174,0.41414141414141414,-0.7068131046172047,0.524001958976833,99,-1.1683803113600124
cross,0.25,0.3,0.08,0.08,False,3.7193710379631613,0.36065573770491804,-0.7427131404940902,0.3197648415142764,122,4.887751349323174,0.41414141414141414,-0.7068131046172047,0.524001958976833,99,-1.1683803113600124
cross,0.25,0.3,0.08,0.1,True,5.822868106884222,0.4672131147540984,-0.6000039307419135,0.7473934090493395,122,5.248445568206112,0.46464646464646464,-0.7306252901875777,0.6028657782462516,99,0.5744225386781103
cross,0.25,0.3,0.08,0.1,False,5.822868106884222,0.4672131147540984,-0.6000039307419135,0.7473934090493395,122,5.248445568206112,0.46464646464646464,-0.7306252901875777,0.6028657782462516,99,0.5744225386781103
cross,0.25,0.3,0.1,0.06,True,3.0481663277674405,0.29508196721311475,-0.8284736986445179,0.2299495267521503,122,4.668358583132932,0.37142857142857144,-0.672328744161676,0.4735610947299249,105,-1.6201922553654913
cross,0.25,0.3,0.1,0.06,False,3.0481663277674405,0.29508196721311475,-0.8284736986445179,0.2299495267521503,122,4.668358583132932,0.37142857142857144,-0.672328744161676,0.4735610947299249,105,-1.6201922553654913
cross,0.25,0.3,0.1,0.08,True,3.7704667128866394,0.36065573770491804,-0.7605694554785386,0.35108933803545095,122,4.86146769770962,0.41414141414141414,-0.7068131046172046,0.5288524881652332,99,-1.0910009848229807
cross,0.25,0.3,0.1,0.08,False,3.7704667128866394,0.36065573770491804,-0.7605694554785386,0.35108933803545095,122,4.86146769770962,0.41414141414141414,-0.7068131046172046,0.5288524881652332,99,-1.0910009848229807
cross,0.25,0.3,0.1,0.1,True,5.77463789434406,0.4672131147540984,-0.5920557897592512,0.8390950080473816,122,5.330126447367671,0.46464646464646464,-0.7306252901875778,0.6390558177480246,99,0.44451144697638956
cross,0.25,0.3,0.1,0.1,False,5.77463789434406,0.4672131147540984,-0.5920557897592512,0.8390950080473816,122,5.330126447367671,0.46464646464646464,-0.7306252901875778,0.6390558177480246,99,0.44451144697638956
cross,0.25,0.3,0.12,0.06,True,2.879342502632528,0.29508196721311475,-0.8284736986445179,0.20669005740812318,122,4.28029309634356,0.37142857142857144,-0.6723287441616761,0.40031613525010834,105,-1.4009505937110323
cross,0.25,0.3,0.12,0.06,False,2.879342502632528,0.29508196721311475,-0.8284736986445179,0.20669005740812318,122,4.28029309634356,0.37142857142857144,-0.6723287441616761,0.40031613525010834,105,-1.4009505937110323
cross,0.25,0.3,0.12,0.08,True,3.6179150273139187,0.36065573770491804,-0.7675361558445922,0.329472394399533,122,4.405336322484596,0.41414141414141414,-0.7068131046172046,0.43667462187271977,99,-0.7874212951706769
cross,0.25,0.3,0.12,0.08,False,3.6179150273139187,0.36065573770491804,-0.7675361558445922,0.329472394399533,122,4.405336322484596,0.41414141414141414,-0.7068131046172046,0.43667462187271977,99,-0.7874212951706769
cross,0.25,0.3,0.12,0.1,True,5.555459521719673,0.4672131147540984,-0.5974324750361928,0.7830252166871672,122,4.84073308546833,0.46464646464646464,-0.7306252901875778,0.5285177345332579,99,0.7147264362513424
cross,0.25,0.3,0.12,0.1,False,5.555459521719673,0.4672131147540984,-0.5974324750361928,0.7830252166871672,122,4.84073308546833,0.46464646464646464,-0.7306252901875778,0.5285177345332579,99,0.7147264362513424
cross,0.25,0.3,0.15,0.06,True,2.4447045410276678,0.29508196721311475,-0.8284736986445179,0.1421660185947593,122,4.228616143941643,0.37142857142857144,-0.7136274528535561,0.3924935396742413,105,-1.7839116029139754
cross,0.25,0.3,0.15,0.06,False,2.4447045410276678,0.29508196721311475,-0.8284736986445179,0.1421660185947593,122,4.228616143941643,0.37142857142857144,-0.7136274528535561,0.3924935396742413,105,-1.7839116029139754
cross,0.25,0.3,0.15,0.08,True,3.181362563527171,0.36065573770491804,-0.7675361558445922,0.24577901850358574,122,4.35407729883178,0.41414141414141414,-0.7437655072736803,0.4281639537319595,99,-1.1727147353046088
cross,0.25,0.3,0.15,0.08,False,3.181362563527171,0.36065573770491804,-0.7675361558445922,0.24577901850358574,122,4.35407729883178,0.41414141414141414,-0.7437655072736803,0.4281639537319595,99,-1.1727147353046088
cross,0.25,0.3,0.15,0.1,True,5.2092881719361745,0.4672131147540984,-0.6123936804777769,0.6431512533759802,122,4.741997508615479,0.46464646464646464,-0.7645764759302542,0.507047127438468,99,0.46729066332069547
cross,0.25,0.3,0.15,0.1,False,5.2092881719361745,0.4672131147540984,-0.6123936804777769,0.6431512533759802,122,4.741997508615479,0.46464646464646464,-0.7645764759302542,0.507047127438468,99,0.46729066332069547
cross,0.25,0.5,0.08,0.06,True,3.0089576504591267,0.29508196721311475,-0.8724829612020778,0.20428247624367724,122,4.745979384682409,0.37142857142857144,-0.6689729092899924,0.45330892409714907,105,-1.737021734223282
cross,0.25,0.5,0.08,0.06,False,3.0089576504591267,0.29508196721311475,-0.8724829612020778,0.20428247624367724,122,4.745979384682409,0.37142857142857144,-0.6689729092899924,0.45330892409714907,105,-1.737021734223282
cross,0.25,0.5,0.08,0.08,True,3.747755806195679,0.36065573770491804,-0.7450186488023334,0.3125644687280309,122,4.945462022683013,0.41414141414141414,-0.7038104402396745,0.5169747575976977,99,-1.197706216487334
cross,0.25,0.5,0.08,0.08,False,3.747755806195679,0.36065573770491804,-0.7450186488023334,0.3125644687280309,122,4.945462022683013,0.41414141414141414,-0.7038104402396745,0.5169747575976977,99,-1.197706216487334
cross,0.25,0.5,0.08,0.1,True,5.872311461880651,0.4672131147540984,-0.6197331665981934,0.7185891694003614,122,5.314452122058529,0.46464646464646464,-0.7278664975604202,0.5961237862297812,99,0.5578593398221221
cross,0.25,0.5,0.08,0.1,False,5.872311461880651,0.4672131147540984,-0.6197331665981934,0.7185891694003614,122,5.314452122058529,0.46464646464646464,-0.7278664975604202,0.5961237862297812,99,0.5578593398221221
cross,0.25,0.5,0.1,0.06,True,3.1108145513448444,0.29508196721311475,-0.8284736986445179,0.22587570325329298,122,4.760137258561792,0.37142857142857144,-0.6689729092899922,0.4658574618156901,105,-1.6493227072169474
cross,0.25,0.5,0.1,0.06,False,3.1108145513448444,0.29508196721311475,-0.8284736986445179,0.22587570325329298,122,4.760137258561792,0.37142857142857144,-0.6689729092899922,0.4658574618156901,105,-1.6493227072169474
cross,0.25,0.5,0.1,0.08,True,3.820231923512855,0.36065573770491804,-0.7575803512511654,0.3374529948638816,122,4.948174411874051,0.41414141414141414,-0.7038104402396747,0.521997717505692,99,-1.1279424883611964
cross,0.25,0.5,0.1,0.08,False,3.820231923512855,0.36065573770491804,-0.7575803512511654,0.3374529948638816,122,4.948174411874051,0.41414141414141414,-0.7038104402396747,0.521997717505692,99,-1.1279424883611964
cross,0.25,0.5,0.1,0.1,True,5.902699894494271,0.4672131147540984,-0.614141745180475,0.7891875257835077,122,5.402100212684737,0.46464646464646464,-0.7278664975604203,0.624097224598851,99,0.5005996818095335
cross,0.25,0.5,0.1,0.1,False,5.902699894494271,0.4672131147540984,-0.614141745180475,0.7891875257835077,122,5.402100212684737,0.46464646464646464,-0.7278664975604203,0.624097224598851,99,0.5005996818095335
cross,0.25,0.5,0.12,0.06,True,3.009212339104726,0.29508196721311475,-0.8284736986445179,0.21101018003619165,122,4.484453564905076,0.37142857142857144,-0.6689729092899923,0.4139299580941971,105,-1.47524122580035
cross,0.25,0.5,0.12,0.06,False,3.009212339104726,0.29508196721311475,-0.8284736986445179,0.21101018003619165,122,4.484453564905076,0.37142857142857144,-0.6689729092899923,0.4139299580941971,105,-1.47524122580035
cross,0.25,0.5,0.12,0.08,True,3.736540639016037,0.36065573770491804,-0.7575803512511654,0.3246887344019167,122,4.623836512360322,0.41414141414141414,-0.7038104402396747,0.45655888134513756,99,-0.8872958733442848
cross,0.25,0.5,0.12,0.08,False,3.736540639016037,0.36065573770491804,-0.7575803512511654,0.3246887344019167,122,4.623836512360322,0.41414141414141414,-0.7038104402396747,0.45655888134513756,99,-0.8872958733442848
cross,0.25,0.5,0.12,0.1,True,5.7697683926781,0.4672131147540984,-0.617924178491535,0.7528516724270147,122,5.05314130231315,0.46464646464646464,-0.7278664975604202,0.5459277906814817,99,0.7166270903649501
cross,0.25,0.5,0.12,0.1,False,5.7697683926781,0.4672131147540984,-0.617924178491535,0.7528516724270147,122,5.05314130231315,0.46464646464646464,-0.7278664975604202,0.5459277906814817,99,0.7166270903649501
cross,0.25,0.5,0.15,0.06,True,2.682853719220272,0.29508196721311475,-0.8284736986445179,0.16387252626109605,122,4.451847379927456,0.37142857142857144,-0.6986355610701636,0.40875621743363455,105,-1.7689936607071837
cross,0.25,0.5,0.15,0.06,False,2.682853719220272,0.29508196721311475,-0.8284736986445179,0.16387252626109605,122,4.451847379927456,0.37142857142857144,-0.6986355610701636,0.40875621743363455,105,-1.7689936607071837
cross,0.25,0.5,0.15,0.08,True,3.403700442034723,0.36065573770491804,-0.7575803512511654,0.26389548008985186,122,4.591324145684642,0.41414141414141414,-0.7303513730474652,0.4509067701704714,99,-1.187623703649919
cross,0.25,0.5,0.15,0.08,False,3.403700442034723,0.36065573770491804,-0.7575803512511654,0.26389548008985186,122,4.591324145684642,0.41414141414141414,-0.7303513730474652,0.4509067701704714,99,-1.187623703649919
cross,0.25,0.5,0.15,0.1,True,5.494312996905886,0.4672131147540984,-0.6284492062588379,0.6513411615970082,122,4.983952265445509,0.46464646464646464,-0.7522518169107788,0.5307046871771608,99,0.5103607314603771
cross,0.25,0.5,0.15,0.1,False,5.494312996905886,0.4672131147540984,-0.6284492062588379,0.6513411615970082,122,4.983952265445509,0.46464646464646464,-0.7522518169107788,0.5307046871771608,99,0.5103607314603771
cross,0.25,0.7,0.08,0.06,True,3.0440066233215033,0.29508196721311475,-0.8718691154322005,0.20462292991561326,122,4.774770481352311,0.37142857142857144,-0.6657587601452059,0.44607080973034585,105,-1.7307638580308078
cross,0.25,0.7,0.08,0.06,False,3.0440066233215033,0.29508196721311475,-0.8718691154322005,0.20462292991561326,122,4.774770481352311,0.37142857142857144,-0.6657587601452059,0.44607080973034585,105,-1.7307638580308078
cross,0.25,0.7,0.08,0.08,True,3.736532115876049,0.36065573770491804,-0.7473727782104119,0.30286480414785544,122,4.965288982224969,0.41414141414141414,-0.7009345504804514,0.5070827652544294,99,-1.22875686634892
cross,0.25,0.7,0.08,0.08,False,3.736532115876049,0.36065573770491804,-0.7473727782104119,0.30286480414785544,122,4.965288982224969,0.41414141414141414,-0.7009345504804514,0.5070827652544294,99,-1.22875686634892
cross,0.25,0.7,0.08,0.1,True,5.856172247634833,0.4672131147540984,-0.6390423784612924,0.6855184467001678,122,5.341071749283944,0.46464646464646464,-0.7252241831134127,0.5861898797008178,99,0.5151004983508889
cross,0.25,0.7,0.08,0.1,False,5.856172247634833,0.4672131147540984,-0.6390423784612924,0.6855184467001678,122,5.341071749283944,0.46464646464646464,-0.7252241831134127,0.5861898797008178,99,0.5151004983508889
cross,0.25,0.7,0.1,0.06,True,3.1280055794425516,0.29508196721311475,-0.8396969486481174,0.21880879070157833,122,4.799305869645912,0.37142857142857144,-0.6657587601452057,0.4545082516830181,105,-1.6713002902033605
cross,0.25,0.7,0.1,0.06,False,3.1280055794425516,0.29508196721311475,-0.8396969486481174,0.21880879070157833,122,4.799305869645912,0.37142857142857144,-0.6657587601452057,0.4545082516830181,105,-1.6713002902033605
cross,0.25,0.7,0.1,0.08,True,3.809276050927976,0.36065573770491804,-0.7547941147271038,0.31945159078254304,122,4.982659388653527,0.41414141414141414,-0.7009345504804515,0.511102049850759,99,-1.173383337725551
cross,0.25,0.7,0.1,0.08,False,3.809276050927976,0.36065573770491804,-0.7547941147271038,0.31945159078254304,122,4.982659388653527,0.41414141414141414,-0.7009345504804515,0.511102049850759,99,-1.173383337725551
cross,0.25,0.7,0.1,0.1,True,5.93546617203665,0.4672131147540984,-0.6357390188954573,0.7311764762583484,122,5.414911489770742,0.46464646464646464,-0.7252241831134127,0.6043071420866217,99,0.5205546822659075
cross,0.25,0.7,0.1,0.1,False,5.93546617203665,0.4672131147540984,-0.6357390188954573,0.7311764762583484,122,5.414911489770742,0.46464646464646464,-0.7252241831134127,0.6043071420866217,99,0.5205546822659075
cross,0.25,0.7,0.12,0.06,True,3.083089609792861,0.29508196721311475,-0.8284736986445179,0.21096208023926843,122,4.6361873082191,0.37142857142857144,-0.6657587601452059,0.4236366158514342,105,-1.5530976984262388
cross,0.25,0.7,0.12,0.06,False,3.083089609792861,0.29508196721311475,-0.8284736986445179,0.21096208023926843,122,4.6361873082191,0.37142857142857144,-0.6657587601452059,0.4236366158514342,105,-1.5530976984262388
cross,0.25,0.7,0.12,0.08,True,3.7813249900029176,0.36065573770491804,-0.7547941147271039,0.313462028837292,122,4.790624835293379,0.41414141414141414,-0.7009345504804515,0.47215524636179973,99,-1.0092998452904611
cross,0.25,0.7,0.12,0.08,False,3.7813249900029176,0.36065573770491804,-0.7547941147271039,0.313462028837292,122,4.790624835293379,0.41414141414141414,-0.7009345504804515,0.47215524636179973,99,-1.0092998452904611
cross,0.25,0.7,0.12,0.1,True,5.87906309711117,0.4672131147540984,-0.6379736451786111,0.7116671940180581,122,5.20780875618363,0.46464646464646464,-0.7252241831134126,0.5579818059405077,99,0.6712543409275398
cross,0.25,0.7,0.12,0.1,False,5.87906309711117,0.4672131147540984,-0.6379736451786111,0.7116671940180581,122,5.20780875618363,0.46464646464646464,-0.7252241831134126,0.5579818059405077,99,0.6712543409275398
cross,0.25,0.7,0.15,0.06,True,2.875301541908669,0.29508196721311475,-0.8357172462233267,0.1819826981193693,122,4.620257031428439,0.37142857142857144,-0.6836544956991771,0.4207772003557846,105,-1.74495548951977
cross,0.25,0.7,0.15,0.06,False,2.875301541908669,0.29508196721311475,-0.8357172462233267,0.1819826981193693,122,4.620257031428439,0.37142857142857144,-0.6836544956991771,0.4207772003557846,105,-1.74495548951977
cross,0.25,0.7,0.15,0.08,True,3.5656489166811625,0.36065573770491804,-0.7547941147271038,0.2763533762572805,122,4.774509276003014,0.41414141414141414,-0.716946925854168,0.46901936674821454,99,-1.2088603593218519
cross,0.25,0.7,0.15,0.08,False,3.5656489166811625,0.36065573770491804,-0.7547941147271038,0.2763533762572805,122,4.774509276003014,0.41414141414141414,-0.716946925854168,0.46901936674821454,99,-1.2088603593218519
cross,0.25,0.7,0.15,0.1,True,5.684876876211764,0.4672131147540984,-0.6441917333101244,0.6497691902515532,122,5.167588226196985,0.46464646464646464,-0.7399360581584103,0.5489172055585889,99,0.5172886500147786
cross,0.25,0.7,0.15,0.1,False,5.684876876211764,0.4672131147540984,-0.6441917333101244,0.6497691902515532,122,5.167588226196985,0.46464646464646464,-0.7399360581584103,0.5489172055585889,99,0.5172886500147786
