id,model,ticker,signal_date,entry_theory,entry_actual,slippage_pct,qty,kiwoom_buy_no,kiwoom_sell_no,tp1_pct,tp1_ratio,trail_pct,hard_stop_pct,tp1_date,tp1_price,watermark,exit_date,exit_price,exit_type,blended_return,status,created_at
54,compose-and1,018500.KS,2026-06-21,0.0,1474.0,,13568,0011251,,0.15,0.5,0.1,0.1,,,1516.0,,,,,open,2026-06-21 12:15:05.692926+00:00
55,compose-and1,028050.KS,2026-06-21,0.0,47900.0,,417,0011268,,0.15,0.5,0.1,0.1,,,49900.0,,,,,open,2026-06-21 12:15:06.064624+00:00
56,compose-and1,475150.KS,2026-06-21,0.0,43200.0,,462,0011287,,0.15,0.5,0.1,0.1,2026-07-15,53300.0,80600.0,2026-08-03,,buy_never_filled,,closed,2026-06-21 12:15:06.433031+00:00
32,compose-funnel1,000720.KS,2026-06-15,0.0,143300.0,,69,0039435,RECONCILED,0.15,0.5,0.1,0.1,,,148000.0,2026-08-06,128970.0,reconciled_hardstop,-0.1,closed,2026-06-14 16:34:45.173084+00:00
33,compose-funnel1,005950.KS,2026-06-15,0.0,16950.0,,589,0039448,0148284,0.15,0.5,0.1,0.1,,,16950.0,2026-06-16,14250.0,hard_stop,-0.1592920353982301,closed,2026-06-14 16:34:45.555526+00:00
34,compose-funnel1,012750.KS,2026-06-15,0.0,87300.0,,114,0039457,0158362,0.15,0.5,0.1,0.1,,,87300.0,2026-06-15,77200.0,hard_stop,-0.1156930126002291,closed,2026-06-14 16:34:45.925865+00:00
35,compose-funnel1,016450.KS,2026-06-15,0.0,4565.0,,2190,0012490,,0.15,0.5,0.1,0.1,,,4565.0,,,,,open,2026-06-14 16:34:46.295666+00:00
36,compose-funnel1,025890.KS,2026-06-15,0.0,2070.0,,4830,0039413,,0.15,0.5,0.1,0.1,2026-08-05,2385.0,2565.0,,,,,open,2026-06-14 16:34:46.665592+00:00
37,compose-funnel1,031430.KS,2026-06-15,0.0,15800.0,,632,0039424,0142435,0.15,0.5,0.1,0.1,,,15800.0,2026-06-19,13580.0,hard_stop,-0.14050632911392405,closed,2026-06-14 16:34:47.035344+00:00
38,compose-funnel1,042700.KS,2026-06-15,0.0,365000.0,,27,0040099,0148275,0.15,0.5,0.1,0.1,,,365000.0,2026-06-16,328500.0,hard_stop,-0.1,closed,2026-06-14 16:34:47.402987+00:00
39,compose-funnel1,057050.KS,2026-06-15,0.0,80200.0,,124,0039466,,0.15,0.5,0.1,0.1,,,87300.0,,,,,open,2026-06-14 16:34:47.771630+00:00
40,compose-funnel1,060980.KS,2026-06-15,0.0,45950.0,,217,0040121,RECONCILED,0.15,0.5,0.1,0.1,,,48700.0,2026-08-06,41355.0,reconciled_hardstop,-0.1,closed,2026-06-14 16:34:48.141338+00:00
41,compose-funnel1,092230.KS,2026-06-15,0.0,83900.0,,119,0039472,,0.15,0.5,0.1,0.1,,,87800.0,,,,,open,2026-06-14 16:34:48.510398+00:00
49,compose-funnel1,000240.KS,2026-06-21,0.0,24150.0,,414,0011150,,0.15,0.5,0.1,0.1,,,25600.0,2026-08-03,,buy_never_filled,,closed,2026-06-21 12:15:03.015901+00:00
50,compose-funnel1,000500.KS,2026-06-21,0.0,353500.0,,7,0011181,0158739,0.15,0.5,0.1,0.1,,,353500.0,2026-08-11,157200.0,reconciled_sold,-0.5553041018387553,closed,2026-06-21 12:15:03.393712+00:00
51,compose-funnel1,005680.KS,2026-06-21,0.0,,,,,,0.15,0.5,0.1,0.1,,,,2026-07-29,,invalid,,closed,2026-06-21 12:15:03.764047+00:00
52,compose-funnel1,005940.KS,2026-06-21,0.0,31600.0,,316,0011216,RECONCILED,0.15,0.5,0.1,0.1,,,31600.0,2026-08-06,28440.0,reconciled_hardstop,-0.1,closed,2026-06-21 12:15:04.134119+00:00
53,compose-funnel1,006340.KS,2026-06-21,0.0,10890.0,,918,0011232,0146149,0.15,0.5,0.1,0.1,2026-08-05,15460.0,15460.0,2026-08-10,14950.0,reconciled_qty_drift,0.39624,closed,2026-06-21 12:15:04.505389+00:00
67,compose-funnel1,001210.KS,2026-07-12,0.0,1300.0,,1538,0013641,,0.15,0.5,0.1,0.1,2026-08-05,3700.0,6890.0,,,,,open,2026-07-12 12:15:02.871044+00:00
68,compose-funnel1,001260.KS,2026-07-12,0.0,10520.0,,950,0013598,RECONCILED,0.15,0.5,0.1,0.1,,,10520.0,2026-08-06,9468.0,reconciled_hardstop,-0.1,closed,2026-07-12 12:15:03.278360+00:00
69,compose-funnel1,002990.KS,2026-07-12,0.0,13600.0,,735,0012372,0135073,0.15,0.5,0.1,0.1,,,13600.0,2026-07-16,10800.0,hard_stop,-0.20588235294117646,closed,2026-07-12 12:15:03.634755+00:00
70,compose-funnel1,003680.KS,2026-07-12,0.0,10590.0,,944,0013661,0168804,0.15,0.5,0.1,0.1,2026-07-15,14520.0,14520.0,2026-07-23,8180.0,hard_stop,0.07176581680830972,closed,2026-07-12 12:15:03.991908+00:00
71,compose-funnel1,004430.KS,2026-07-12,0.0,12040.0,,830,0012197,,0.15,0.5,0.1,0.1,,,12590.0,,,,,open,2026-07-12 12:15:04.346133+00:00
119,compose-funnel1,008470.KQ,2026-08-02,2060.0,2060.0,0.0,2334,,,0.15,0.5,0.1,0.1,,,2060.0,,,,,open,2026-08-13 11:56:13.128281+00:00
82,compose-funnel1,008470.KQ,2026-08-02,0.0,,,,,0013380,0.15,0.5,0.1,0.1,,,,2026-08-06,0.0,reconciled_no_data,,closed,2026-08-02 12:15:06.777958+00:00
83,compose-funnel1,017650.KQ,2026-08-02,0.0,,,,,0148588,0.15,0.5,0.1,0.1,,,,2026-08-11,0.0,reconciled_sold,,closed,2026-08-02 12:15:07.152986+00:00
84,compose-funnel1,028670.KS,2026-08-02,0.0,,,,,0148591,0.15,0.5,0.1,0.1,,,,2026-08-11,0.0,reconciled_sold,,closed,2026-08-02 12:15:07.507958+00:00
85,compose-funnel1,033050.KQ,2026-08-02,0.0,,,,,,0.15,0.5,0.1,0.1,,,,,,,,pending,2026-08-02 12:15:07.863949+00:00
86,compose-funnel1,052460.KQ,2026-08-02,0.0,,,,,0148592,0.15,0.5,0.1,0.1,,,,2026-08-11,0.0,reconciled_sold,,closed,2026-08-02 12:15:08.220532+00:00
96,compose-funnel1,001540.KQ,2026-08-09,0.0,,,,,0148606,0.15,0.5,0.1,0.1,,,,2026-08-11,0.0,reconciled_sold,,closed,2026-08-09 12:15:04.547033+00:00
126,compose-funnel1,001210.KS,2026-08-16,0.0,,,,,,0.15,0.5,0.1,0.1,,,,,,,,pending,2026-08-16 12:15:05.188377+00:00
127,compose-funnel1,002990.KS,2026-08-16,0.0,,,,,,0.15,0.5,0.1,0.1,,,,,,,,pending,2026-08-16 12:15:05.563740+00:00
58,compose-score1,005930.KS,2026-06-21,0.0,343000.0,,58,0011332,0153330,0.15,0.5,0.1,0.1,,,352500.0,2026-07-14,263750.0,hard_stop,-0.23104956268221574,closed,2026-06-21 12:15:07.846127+00:00
59,compose-score1,024110.KS,2026-06-21,0.0,21125.0,,946,0011350,,0.15,0.5,0.1,0.1,,,21600.0,,,,,open,2026-06-21 12:15:08.216348+00:00
61,compose-score1,088350.KS,2026-06-21,0.0,5130.0,,3898,0011393,FAILED,0.15,0.5,0.1,0.1,,,5130.0,2026-07-03,4470.0,hard_stop,-0.1286549707602339,closed,2026-06-21 12:15:08.956716+00:00
57,compose-score1,279570.KS,2026-06-21,0.0,6910.0,,2894,0011306,FAILED,0.15,0.5,0.1,0.1,,,6910.0,2026-06-26,5610.0,hard_stop,-0.18813314037626627,closed,2026-06-21 12:15:07.473663+00:00
60,compose-score1,475150.KS,2026-06-21,0.0,43200.0,,462,0011371,,0.15,0.5,0.1,0.1,2026-07-15,53300.0,80600.0,2026-08-03,,buy_never_filled,,closed,2026-06-21 12:15:08.586526+00:00
65,compose-score1,014910.KS,2026-07-05,0.0,,,,,,0.15,0.5,0.1,0.1,,,,2026-07-29,,invalid,,closed,2026-07-05 12:15:02.221981+00:00
66,compose-score1,402340.KS,2026-07-05,0.0,,,,,,0.15,0.5,0.1,0.1,,,,2026-07-29,,invalid,,closed,2026-07-05 12:15:02.617933+00:00
88,compose-score1,028670.KS,2026-08-02,0.0,,,,,0013515,0.15,0.5,0.1,0.1,,,,2026-08-06,0.0,reconciled_no_data,,closed,2026-08-02 12:15:10.764077+00:00
89,compose-score1,138040.KS,2026-08-02,0.0,,,,,0148595,0.15,0.5,0.1,0.1,,,,2026-08-11,0.0,reconciled_sold,,closed,2026-08-02 12:15:11.118995+00:00
87,compose-score1,316140.KS,2026-08-02,0.0,,,,,0148602,0.15,0.5,0.1,0.1,,,,2026-08-11,0.0,reconciled_sold,,closed,2026-08-02 12:15:10.402823+00:00
99,compose-score1,003490.KS,2026-08-09,0.0,,,,,0148582,0.15,0.5,0.1,0.1,,,,2026-08-11,0.0,reconciled_sold,,closed,2026-08-09 12:15:07.614965+00:00
97,compose-score1,008930.KS,2026-08-09,0.0,,,,,0014523,0.15,0.5,0.1,0.1,,,,2026-08-10,0.0,reconciled_no_data,,closed,2026-08-09 12:15:06.929890+00:00
100,compose-score1,252990.KQ,2026-08-09,0.0,,,,,0148596,0.15,0.5,0.1,0.1,,,,2026-08-11,0.0,reconciled_sold,,closed,2026-08-09 12:15:07.959475+00:00
98,compose-score1,278470.KS,2026-08-09,0.0,,,,,0148597,0.15,0.5,0.1,0.1,,,,2026-08-11,0.0,reconciled_sold,,closed,2026-08-09 12:15:07.272056+00:00
128,compose-score1,005930.KS,2026-08-16,0.0,,,,,,0.15,0.5,0.1,0.1,,,,,,,,pending,2026-08-16 12:15:08.022620+00:00
131,compose-score1,036930.KQ,2026-08-16,0.0,,,,,,0.15,0.5,0.1,0.1,,,,,,,,pending,2026-08-16 12:15:09.026334+00:00
130,compose-score1,181710.KS,2026-08-16,0.0,,,,,,0.15,0.5,0.1,0.1,,,,,,,,pending,2026-08-16 12:15:08.690739+00:00
129,compose-score1,332570.KQ,2026-08-16,0.0,,,,,,0.15,0.5,0.1,0.1,,,,,,,,pending,2026-08-16 12:15:08.354576+00:00
11,cross,069260.KS,2026-05-17,20600.0,17280.0,,1157,0088678,RECONCILED,0.15,0.5,0.1,0.1,,,17350.0,2026-08-06,15552.0,reconciled_hardstop,-0.1,closed,2026-05-16 22:57:10.305159+00:00
22,cross,088350.KS,2026-05-18,5810.0,5730.0,,3490,0087786,FAILED,0.15,0.5,0.1,0.1,,,5730.0,2026-06-11,4970.0,hard_stop,-0.13263525305410123,closed,2026-05-18 07:39:59.733332+00:00
23,cross,009470.KS,2026-05-26,49700.0,45950.0,,435,0015629,RECONCILED,0.15,0.5,0.1,0.1,,,45950.0,2026-08-06,41355.0,reconciled_hardstop,-0.1,closed,2026-05-26 07:40:01.133978+00:00
24,cross,019180.KS,2026-05-26,9680.0,,,,,,0.15,0.5,0.1,0.1,,,,2026-07-29,,invalid,,closed,2026-05-26 07:40:01.288436+00:00
25,cross,006660.KS,2026-06-01,19790.0,14640.0,,1366,0011886,RECONCILED,0.15,0.5,0.1,0.1,,,14640.0,2026-08-06,13176.0,reconciled_hardstop,-0.1,closed,2026-06-01 07:39:59.540035+00:00
45,cross,014910.KS,2026-06-18,3300.0,3015.0,-0.08636363636363636,6633,0012028,RECONCILED,0.15,0.5,0.1,0.1,,,3195.0,2026-08-06,2713.5,reconciled_hardstop,-0.1,closed,2026-06-18 07:39:59.918271+00:00
44,cross,298000.KS,2026-06-18,87500.0,75700.0,-0.13485714285714287,264,0012001,RECONCILED,0.15,0.5,0.1,0.1,,,75700.0,2026-08-06,68130.0,reconciled_hardstop,-0.1,closed,2026-06-18 07:39:59.798285+00:00
47,cross,010690.KS,2026-06-19,14990.0,,,,,,0.15,0.5,0.1,0.1,,,,2026-07-29,,invalid,,closed,2026-06-19 07:39:59.962210+00:00
73,cross,005360.KS,2026-07-16,4475.0,,,,,,0.15,0.5,0.1,0.1,,,,2026-07-29,,invalid,,closed,2026-07-16 07:39:59.408447+00:00
118,cross,241710.KQ,2026-08-11,126806.77506775068,113901.35501355014,-0.1017723228692268,185,0013683+0014930,,0.15,0.5,0.1,0.1,2026-08-13,126000.0,126000.0,,,,,open,2026-08-13 11:18:26.413396+00:00
108,cross,241710.KQ,2026-08-11,116800.0,108400.0,-0.07191780821917808,102,0013683,,0.15,0.5,0.1,0.1,2026-08-13,126000.0,126000.0,2026-08-13,,consolidated_equal,,closed,2026-08-11 07:39:59.747972+00:00
111,cross,241710.KQ,2026-08-12,137900.0,120000.0,-0.12980420594633793,92,0014930,,0.15,0.5,0.1,0.1,,,126000.0,2026-08-13,,consolidated_equal,,closed,2026-08-12 07:39:59.636878+00:00
125,cross,041520.KQ,2026-08-14,13450.0,,,,,,0.15,0.5,0.1,0.1,,,,,,,,pending,2026-08-14 07:39:59.484177+00:00
132,cross,181710.KS,2026-08-17,76200.0,,,,,,0.15,0.5,0.1,0.1,,,,,,,,pending,2026-08-17 07:40:00.842935+00:00
19,ichimoku,000815.KS,2026-05-17,382000.0,379500.0,,26,0088837,,0.25,0.7,0.1,0.1,,,435500.0,,,,,open,2026-05-16 22:57:11.338653+00:00
104,ichimoku,001080.KS,2026-05-17,5800.0,4960.0,,1287,0088708,,0.25,0.7,0.1,0.1,,,4960.0,2026-08-14,4080.0,reconciled_prev_fill,-0.1774193548387097,closed,2026-08-10 07:50:27.134782+00:00
15,ichimoku,001080.KS,2026-05-17,5800.0,4960.0,,29,0088708,0154356,0.25,0.7,0.1,0.1,,,4960.0,2026-08-06,4464.0,reconciled_hardstop,-0.1,closed,2026-05-16 22:57:10.882586+00:00
21,ichimoku,003690.KS,2026-05-17,13130.0,14340.0,,697,0088740,0135230,0.25,0.7,0.1,0.1,,,14340.0,2026-06-22,12800.0,hard_stop,-0.10739191073919108,closed,2026-05-16 22:57:11.566964+00:00
18,ichimoku,010780.KS,2026-05-17,30400.0,28600.0,,349,0088722,RECONCILED,0.25,0.7,0.1,0.1,,,28600.0,2026-08-06,25740.0,reconciled_hardstop,-0.1,closed,2026-05-16 22:57:11.224757+00:00
17,ichimoku,034220.KS,2026-05-17,14100.0,12400.0,,806,0088718,RECONCILED,0.25,0.7,0.1,0.1,2026-06-03,16540.0,16540.0,2026-08-06,14886.0,reconciled_trail,0.2938548387096774,closed,2026-05-16 22:57:11.110751+00:00
16,ichimoku,036800.KQ,2026-05-17,29350.0,28300.0,,353,0088831,,0.25,0.7,0.1,0.1,,,29950.0,,,,,open,2026-05-16 22:57:10.996733+00:00
13,ichimoku,052400.KQ,2026-05-17,70000.0,61800.0,,161,0088698,RECONCILED,0.25,0.7,0.1,0.1,,,61800.0,2026-08-06,55620.0,reconciled_hardstop,-0.1,closed,2026-05-16 22:57:10.653744+00:00
14,ichimoku,088350.KS,2026-05-17,5390.0,5730.0,,1745,0088705,FAILED,0.25,0.7,0.1,0.1,,,5730.0,2026-06-11,4970.0,hard_stop,-0.13263525305410123,closed,2026-05-16 22:57:10.767994+00:00
20,ichimoku,090360.KQ,2026-05-17,88800.0,74700.0,,133,0088737,RECONCILED,0.25,0.7,0.1,0.1,2026-06-03,158800.0,158800.0,2026-08-06,142920.0,reconciled_trail,1.062061579651941,closed,2026-05-16 22:57:11.452788+00:00
12,ichimoku,241710.KQ,2026-05-17,85300.0,74300.0,,134,0088692,0142434,0.25,0.7,0.1,0.1,,,74300.0,2026-06-19,64700.0,hard_stop,-0.12920592193808883,closed,2026-05-16 22:57:10.540149+00:00
31,ichimoku,016360.KS,2026-06-12,123400.0,,,,,,0.25,0.7,0.1,0.1,,,,2026-07-29,,invalid,,closed,2026-06-12 07:40:00.784820+00:00
27,ichimoku,066430.KQ,2026-06-12,3285.0,,,,,,0.25,0.7,0.1,0.1,,,,2026-07-29,,invalid,,closed,2026-06-12 07:40:00.299710+00:00
28,ichimoku,085620.KS,2026-06-12,18590.0,,,,,,0.25,0.7,0.1,0.1,,,,2026-07-29,,invalid,,closed,2026-06-12 07:40:00.421271+00:00
29,ichimoku,271830.KQ,2026-06-12,2085.0,,,,,,0.25,0.7,0.1,0.1,,,,2026-07-29,,invalid,,closed,2026-06-12 07:40:00.542488+00:00
26,ichimoku,383220.KS,2026-06-12,73700.0,,,,,,0.25,0.7,0.1,0.1,,,,2026-07-29,,invalid,,closed,2026-06-12 07:40:00.147743+00:00
30,ichimoku,477340.KQ,2026-06-12,2035.0,,,,,,0.25,0.7,0.1,0.1,,,,2026-07-29,,invalid,,closed,2026-06-12 07:40:00.662987+00:00
48,ichimoku,049430.KQ,2026-06-19,19190.0,,,,,,0.25,0.7,0.1,0.1,,,,2026-07-29,,invalid,,closed,2026-06-19 07:40:00.213924+00:00
64,ichimoku,010120.KS,2026-06-22,259000.0,,,,,,0.25,0.7,0.1,0.1,,,,2026-07-29,,invalid,,closed,2026-06-22 07:39:59.392001+00:00
81,ichimoku,001525.KS,2026-07-24,7800.0,7800.0,,9,0012806,,0.25,0.7,0.1,0.1,,,9190.0,,,,,open,2026-07-24 07:40:00.131171+00:00
78,ichimoku,066590.KQ,2026-07-24,3185.0,2230.0,-0.29984301412872844,4484,0013575,,0.25,0.7,0.1,0.1,,,2755.0,,,,,open,2026-07-24 07:39:59.749935+00:00
77,ichimoku,073240.KS,2026-07-24,6100.0,6230.0,0.021311475409836064,1605,0013546,,0.25,0.7,0.1,0.1,2026-08-06,7920.0,7920.0,2026-08-10,7370.0,reconciled_qty_drift,0.24479,closed,2026-07-24 07:39:59.628082+00:00
80,ichimoku,129890.KQ,2026-07-24,1000.0,,,,,,0.25,0.7,0.1,0.1,,,,,,,,held,2026-07-24 07:40:00.008377+00:00
75,ichimoku,159010.KQ,2026-07-24,16690.0,12900.0,-0.22708208508088676,775,0013488,,0.25,0.7,0.1,0.1,2026-08-05,16500.0,23200.0,,,,,open,2026-07-24 07:39:59.350863+00:00
79,ichimoku,192440.KQ,2026-07-24,30000.0,30000.0,,184,0012583,,0.25,0.7,0.1,0.1,,,30000.0,,,,,open,2026-07-24 07:39:59.873459+00:00
76,ichimoku,483650.KS,2026-07-24,236000.0,229000.0,-0.029661016949152543,27,0013513,,0.25,0.7,0.1,0.1,,,259000.0,,,,,open,2026-07-24 07:39:59.496365+00:00
95,ichimoku,005935.KS,2026-08-07,191000.0,191000.0,,31,0013965,,0.25,0.7,0.1,0.1,,,194300.0,,,,,open,2026-08-07 07:39:59.613354+00:00
93,ichimoku,079160.KS,2026-08-07,5410.0,5410.0,,976,0013642,,0.25,0.7,0.1,0.1,,,5670.0,,,,,open,2026-08-07 07:39:59.390831+00:00
92,ichimoku,082640.KS,2026-08-07,8330.0,,,,,,0.25,0.7,0.1,0.1,,,,,,,,pending,2026-08-07 07:39:59.262747+00:00
94,ichimoku,383220.KS,2026-08-07,80500.0,80500.0,,81,0013812,0158769,0.25,0.7,0.1,0.1,,,80500.0,2026-08-11,67000.0,reconciled_sold,-0.16770186335403728,closed,2026-08-07 07:39:59.503029+00:00
91,kosdaq,041830.KQ,2026-08-06,73500.0,73500.0,,145,0012492,,0.25,0.5,0.15,0.1,,,73500.0,2026-08-14,64500.0,reconciled_prev_fill,-0.12244897959183673,closed,2026-08-06 07:39:59.878632+00:00
101,kosdaq,018000.KQ,2026-08-10,1005.0,,,,,,0.25,0.5,0.15,0.1,,,,,,,,pending,2026-08-10 07:39:59.618775+00:00
102,kosdaq,174900.KQ,2026-08-10,35700.0,33591.0,-0.05182072829131653,196,0012652,,0.25,0.5,0.15,0.1,,,33850.0,,,,,open,2026-08-10 07:39:59.758329+00:00
107,kosdaq,241710.KQ,2026-08-11,116800.0,108400.0,-0.07191780821917808,92,0013109,,0.25,0.5,0.15,0.1,,,126000.0,2026-08-13,,consolidated_equal,,closed,2026-08-11 07:39:59.519785+00:00
117,kosdaq,241710.KQ,2026-08-11,126806.77506775068,113901.35501355014,-0.1017723228692268,184,0013109+0014795,,0.25,0.5,0.15,0.1,,,126000.0,,,,,open,2026-08-13 11:18:26.413396+00:00
109,kosdaq,123330.KQ,2026-08-12,33500.0,32100.0,-0.041791044776119404,311,0014473,,0.25,0.5,0.15,0.1,,,32100.0,,,,,open,2026-08-12 07:39:59.288971+00:00
110,kosdaq,241710.KQ,2026-08-12,137900.0,120000.0,-0.12980420594633793,83,0014795,,0.25,0.5,0.15,0.1,,,126000.0,2026-08-13,,consolidated_equal,,closed,2026-08-12 07:39:59.414329+00:00
114,kosdaq,332570.KQ,2026-08-13,11160.0,,,,,,0.25,0.5,0.15,0.1,,,,,,,,pending,2026-08-13 07:40:00.872163+00:00
123,kosdaq,041520.KQ,2026-08-14,13450.0,,,,,,0.25,0.5,0.15,0.1,,,,,,,,pending,2026-08-14 07:39:59.014306+00:00
124,kosdaq,468530.KQ,2026-08-14,40350.0,,,,,,0.25,0.5,0.15,0.1,,,,,,,,pending,2026-08-14 07:39:59.132518+00:00
103,stage,000650.KS,2026-05-17,383500.0,263500.0,,9,0088654,0158644,0.25,0.5,0.1,0.1,,,263500.0,2026-08-11,159600.0,reconciled_sold,-0.3943074003795066,closed,2026-08-10 07:50:27.043437+00:00
8,stage,000650.KS,2026-05-17,383500.0,263500.0,,28,0088654,0154518,0.25,0.5,0.1,0.1,,,263500.0,2026-08-06,237150.0,reconciled_hardstop,-0.1,closed,2026-05-16 22:57:09.849368+00:00
9,stage,001740.KS,2026-05-17,9900.0,7750.0,,1290,0088821,RECONCILED,0.25,0.5,0.1,0.1,2026-06-03,12700.0,14170.0,2026-08-06,12753.0,reconciled_trail,0.6421290322580645,closed,2026-05-16 22:57:09.963570+00:00
1,stage,001800.KS,2026-05-17,29950.0,24850.0,,402,0088550,,0.25,0.5,0.1,0.1,,,28050.0,,,,,open,2026-05-16 22:57:09.033010+00:00
105,stage,003480.KS,2026-05-17,6280.0,5500.0,,1304,0088826,,0.25,0.5,0.1,0.1,,,5500.0,2026-08-13,4785.0,reconciled_prev_fill,-0.13,closed,2026-08-10 07:50:27.215717+00:00
10,stage,003480.KS,2026-05-17,6280.0,5500.0,,112,0088826,0154323,0.25,0.5,0.1,0.1,,,5500.0,2026-08-06,4950.0,reconciled_hardstop,-0.1,closed,2026-05-16 22:57:10.077876+00:00
5,stage,005850.KS,2026-05-17,72600.0,59500.0,,168,0088640,0136361,0.25,0.5,0.1,0.1,2026-06-15,75500.0,75800.0,2026-06-26,54400.0,trail,0.09159663865546218,closed,2026-05-16 22:57:09.508213+00:00
3,stage,008490.KS,2026-05-17,24250.0,23000.0,,434,0088552,,0.25,0.5,0.1,0.1,,,28650.0,,,,,open,2026-05-16 22:57:09.278912+00:00
7,stage,033240.KS,2026-05-17,60000.0,47800.0,,209,0088650,RECONCILED,0.25,0.5,0.1,0.1,,,47800.0,2026-08-06,43020.0,reconciled_hardstop,-0.1,closed,2026-05-16 22:57:09.734755+00:00
4,stage,069260.KS,2026-05-17,20600.0,17280.0,,578,0088637,0136364,0.25,0.5,0.1,0.1,,,17700.0,2026-06-26,14880.0,hard_stop,-0.1388888888888889,closed,2026-05-16 22:57:09.393796+00:00
2,stage,092790.KS,2026-05-17,21700.0,18470.0,,541,0088631,RECONCILED,0.25,0.5,0.1,0.1,,,18470.0,2026-08-06,16623.0,reconciled_hardstop,-0.1,closed,2026-05-16 22:57:09.154049+00:00
6,stage,454910.KS,2026-05-17,138800.0,99800.0,,100,0088814,RECONCILED,0.25,0.5,0.1,0.1,2026-06-03,162400.0,162400.0,2026-08-06,146160.0,reconciled_trail,0.5458917835671342,closed,2026-05-16 22:57:09.621541+00:00
43,stage,014910.KS,2026-06-18,3300.0,,,,,,0.25,0.5,0.1,0.1,,,,2026-07-29,,invalid,,closed,2026-06-18 07:39:59.560375+00:00
42,stage,298000.KS,2026-06-18,87500.0,75700.0,-0.13485714285714287,132,0011957,0136367,0.25,0.5,0.1,0.1,,,75700.0,2026-06-26,47100.0,hard_stop,-0.37780713342140027,closed,2026-06-18 07:39:59.410397+00:00
46,stage,010690.KS,2026-06-19,14990.0,,,,,,0.25,0.5,0.1,0.1,,,,2026-07-29,,invalid,,closed,2026-06-19 07:39:59.697784+00:00
63,stage,014910.KS,2026-06-22,3595.0,,,,,,0.25,0.5,0.1,0.1,,,,2026-07-29,,invalid,,closed,2026-06-22 07:39:58.996781+00:00
62,stage,402340.KS,2026-06-22,1987000.0,,,,,,0.25,0.5,0.1,0.1,,,,2026-07-29,,invalid,,closed,2026-06-22 07:39:58.846630+00:00
72,stage,005360.KS,2026-07-16,4475.0,,,,,,0.25,0.5,0.1,0.1,,,,2026-07-29,,invalid,,closed,2026-07-16 07:39:59.153364+00:00
74,stage,096770.KS,2026-07-23,132500.0,129700.0,-0.021132075471698115,77,0013466,RECONCILED,0.25,0.5,0.1,0.1,,,129700.0,2026-08-06,116730.0,reconciled_hardstop,-0.1,closed,2026-07-23 07:39:59.363390+00:00
90,stage,008930.KS,2026-08-06,43900.0,43900.0,,368,0012327,,0.25,0.5,0.1,0.1,,,46350.0,,,,,open,2026-08-06 07:39:59.273463+00:00
120,stage,003010.KS,2026-08-11,7700.0,6860.0,-0.10909090909090909,807,,,0.25,0.5,0.1,0.1,2026-08-14,9690.0,9690.0,,,,,open,2026-08-13 12:22:41.871838+00:00
106,stage,003010.KS,2026-08-11,7700.0,,,,,0013229,0.25,0.5,0.1,0.1,,,,2026-08-12,6850.0,buy_never_filled,,closed,2026-08-11 07:39:59.269093+00:00
112,stage,005090.KS,2026-08-13,63700.0,,,,,,0.25,0.5,0.1,0.1,,,,,,,,pending,2026-08-13 07:40:00.492215+00:00
113,stage,181710.KS,2026-08-13,68800.0,,,,,,0.25,0.5,0.1,0.1,,,,,,,,pending,2026-08-13 07:40:00.633518+00:00
121,stage,004370.KS,2026-08-14,440000.0,,,,,,0.25,0.5,0.1,0.1,,,,,,,,pending,2026-08-14 07:39:58.504840+00:00
122,stage,005180.KS,2026-08-14,85100.0,,,,,,0.25,0.5,0.1,0.1,,,,,,,,pending,2026-08-14 07:39:58.656641+00:00
